ID;NB;NSE;KGE;CORR;MSE;pBIAS;MSIM;MOBS;fewobs
2;1;0.8534;0.9048;0.924;2.2182;0.4;4.668;4.6486;0
4;2;0.8797;0.8891;0.945;1.4945;-8.9;4.0794;4.4798;0
5;3;0.6877;0.7665;0.8294;1.5303;-0.5;2.7155;2.7303;0
6;4;0.7183;0.7797;0.8496;8.7882;-5.7;5.5061;5.8368;0
8;5;0.6836;0.7203;0.8283;1.4459;-1.1;1.7715;1.7904;0
10;6;0.5976;0.6121;0.7859;3.5513;-17.6;1.8035;2.1892;0
11;7;0.4899;0.6053;0.7055;0.1146;3.9;1.0375;0.9989;0
14;8;0.5921;0.6356;0.7717;8.9134;-4.2;2.6779;2.7961;0
15;9;0.6064;0.6707;0.7798;0.5051;5.3;0.8424;0.8002;0
17;10;0.7209;0.7158;0.8563;0.057;13.5;0.3545;0.3122;0
20;11;0.7223;0.7492;0.8621;2.6605;-16;2.3397;2.7865;0
23;12;0.6234;0.685;0.7903;0.3643;3.4;0.7103;0.6869;0
24;13;0.6986;0.6864;0.851;2.5304;-20;1.7966;2.2447;0
25;14;0.6553;0.559;0.8432;0.9332;-26;0.7991;1.0797;0
28;15;0.6323;0.6937;0.7956;12.877;-1.4;3.8918;3.9468;0
30;16;0.5236;0.5742;0.7319;0.077;18.5;0.2834;0.2392;0
32;17;0.6297;0.6993;0.8006;8.2695;14.5;3.8301;3.3441;0
33;18;0.839;0.8375;0.9222;0.5211;-11.7;1.4475;1.6399;0
36;19;0.7161;0.777;0.8465;4.0634;-2.2;3.8553;3.9422;0
37;20;0.8018;0.8631;0.8958;2.2157;1.6;3.4261;3.3733;0
40;21;0.7561;0.7961;0.8982;6.2348;15.1;8.6472;7.5114;0
41;22;-7.7479;-0.9921;0.6803;2.2204;195.7;2.1792;0.737;0
42;23;0.5815;0.5843;0.8695;0.6432;36.6;1.9333;1.4158;0
43;24;0.6838;0.7573;0.8359;1.2759;8.6;3.0969;2.8521;0
44;25;0.789;0.743;0.9097;2.1033;21.4;3.499;2.8828;0
47;26;0.8796;0.8948;0.9406;1.8373;-8.5;2.5413;2.7762;0
48;27;0.869;0.8984;0.9322;3.7066;-0.8;5.0024;5.0426;0
49;28;0.6281;0.7279;0.7932;1.4584;1.1;1.4865;1.4709;0
52;29;0.4695;0.6109;0.8634;0.871;33.6;2.6775;2.0044;0
54;30;0.7969;0.8651;0.8932;1.6256;1.8;2.8474;2.7963;0
55;31;0.8595;0.8717;0.9279;0.2691;-2;1.4303;1.4592;0
57;32;0.8805;0.8964;0.9389;3.3678;3.8;4.0697;3.9219;0
59;33;0.8095;0.8315;0.905;0.0519;11.3;0.4976;0.4472;0
61;34;0.892;0.8794;0.9472;0.024;9.3;0.4002;0.3661;0
65;35;0.8181;0.8783;0.9049;1.4085;-1.1;4.0292;4.0748;0
67;36;0.7514;0.7279;0.8911;0.0616;21.9;0.5727;0.4699;0
68;37;0.7838;0.8427;0.8854;0.3883;0.8;1.8796;1.8644;0
69;38;0.8376;0.8723;0.9185;1.092;6.1;3.5304;3.3281;0
70;39;0.7898;0.8505;0.8888;2.7293;0.8;4.1916;4.16;0
72;40;0.6609;0.6801;0.8908;0.5049;27.9;2.0389;1.5947;0
73;41;0.7808;0.83;0.8878;7.6152;9.2;5.8534;5.3612;0
75;42;0.7882;0.836;0.9045;0.5874;12;2.6098;2.3293;0
76;43;0.843;0.8576;0.9266;0.5633;10.3;2.5243;2.2883;0
78;44;0.4087;0.4706;0.6479;1.2434;-19.5;0.6282;0.7806;0
79;45;0.8167;0.8506;0.9084;0.3445;-10.3;1.0152;1.1322;0
81;46;0.7558;0.8252;0.8699;2.4765;2.3;3.8168;3.7326;0
83;47;0.8255;0.8683;0.9087;0.0742;-1.1;0.6872;0.695;0
89;48;0.6636;0.6999;0.832;0.0913;19.1;0.5488;0.4609;0
90;49;0.6246;0.7021;0.7935;0.0453;5.6;0.4602;0.4356;0
92;50;;;;;;;;1
93;51;0.7078;0.7846;0.8414;2.4574;0.7;3.4897;3.4649;0
94;52;0.7661;0.8431;0.8757;3.6845;-0.1;5.3745;5.3822;0
97;53;0.4283;0.5309;0.7838;0.1291;35.9;0.7758;0.5709;0
99;54;;;;;;;;1
100;55;0.5336;0.6301;0.7512;0.0137;13.8;0.2472;0.2173;0
101;56;0.6064;0.6581;0.7799;0.0166;1.6;0.1796;0.1767;0
103;57;0.7138;0.8062;0.8459;6.637;1.7;5.5591;5.4681;0
104;58;;;;;;;;1
107;59;0.694;0.775;0.8334;9.4441;1.5;7.1591;7.0545;0
109;60;0.7723;0.8441;0.8792;0.4177;-0.5;3.0036;3.02;0
111;61;0.7014;0.7951;0.8384;17.2669;-1.6;6.5166;6.6216;0
112;62;0.8785;0.9159;0.9375;0.5874;-2.2;1.519;1.5532;0
114;63;0.8707;0.8937;0.9335;0.7215;2.6;2.2074;2.1524;0
115;64;0.8005;0.8645;0.8951;0.8267;1.6;2.1639;2.13;0
116;65;0.767;0.8357;0.8769;0.2207;3.6;1.107;1.0686;0
118;66;0.828;0.8789;0.91;1.4503;-0.2;3.1246;3.1302;0
119;67;0.7683;0.8252;0.8772;0.0228;2.7;0.4264;0.4153;0
123;68;0.8806;0.9222;0.9386;0.6769;-0.5;2.8787;2.8942;0
125;69;0.7681;0.8363;0.8769;1.4312;1.7;3.3957;3.3402;0
130;70;0.7912;0.8518;0.8896;4.6943;-0.6;4.9484;4.9789;0
131;71;0.5048;0.6001;0.7448;8.9458;17.1;6.5204;5.5705;0
132;72;0.52;0.4094;0.8877;4.5073;-47.8;1.5764;3.0173;0
134;73;0.7957;0.85;0.8941;2.5862;6.3;3.5021;3.2941;0
138;74;0.5457;0.6011;0.7585;0.6108;23.3;1.0422;0.8452;0
139;75;0.4851;0.5558;0.7047;1.0067;13.8;1.2383;1.0885;0
140;76;0.7349;0.7846;0.8587;1.8268;4;3.2508;3.1253;0
142;77;0.7566;0.8291;0.8724;5.1285;5.4;5.4461;5.1679;0
143;78;0.6363;0.7252;0.7989;6.0414;3.7;4.4727;4.3114;0
144;79;0.2603;0.4095;0.7555;4.2643;47.9;4.1318;2.7939;0
145;80;0.6706;0.754;0.8195;4.3535;1.9;5.288;5.1874;0
148;81;0.4846;0.468;0.728;0.6387;29.4;0.9713;0.7506;0
150;82;0.4096;0.3745;0.7134;0.9566;48.5;1.2278;0.827;0
152;83;0.6764;0.7792;0.8322;0.2913;7.4;1.6416;1.5287;0
153;84;0.6268;0.6732;0.7959;0.0712;13.5;0.295;0.2598;0
155;85;0.4385;0.5552;0.6829;0.0195;16.4;0.2098;0.1802;0
157;86;0.1456;0.1875;0.566;0.3484;59.5;0.6986;0.438;0
161;87;0.4442;0.5697;0.671;0.0221;1.3;0.9034;0.8919;0
163;88;0.6901;0.7597;0.8311;0.1231;2.9;0.5509;0.5352;0
164;89;0.6137;0.6995;0.7876;0.0837;7.4;0.5415;0.5044;0
166;90;0.2595;0.3247;0.6068;0.6574;46;0.9452;0.6473;0
168;91;0.6219;0.656;0.8081;0.3372;21.1;0.958;0.7914;0
169;92;0.5832;0.5636;0.7824;0.0384;25.5;0.2371;0.1889;0
172;93;0.6135;0.6288;0.7907;1.3466;21.1;1.1471;0.947;0
174;94;0.6587;0.7384;0.8157;0.0507;11.8;0.2563;0.2292;0
177;95;0.5817;0.6525;0.7711;0.331;17.9;0.626;0.5311;0
178;96;0.636;0.72;0.8006;0.4565;6.2;1.3127;1.2357;0
180;97;0.6762;0.7297;0.8254;2.313;-6.1;2.799;2.98;0
181;98;0.5726;0.6094;0.7605;0.5076;-7;0.6476;0.696;0
183;99;0.6619;0.6914;0.8203;3.2236;-9.6;2.6523;2.9332;0
185;100;0.7036;0.7732;0.839;0.9035;1.3;1.9231;1.8979;0
188;101;0.6479;0.7079;0.8142;0.2682;14.2;0.8565;0.7499;0
191;102;0.5886;0.6413;0.7714;0.1423;14;0.3814;0.3346;0
192;103;0.6161;0.7231;0.789;0.7354;9.8;0.8117;0.7394;0
194;104;0.645;0.6923;0.8042;0.8015;-2.2;0.8049;0.8229;0
196;105;0.6662;0.7477;0.8163;0.275;-1;0.7554;0.7631;0
197;106;0.632;0.7177;0.796;0.0776;-4.2;0.4004;0.4181;0
199;107;0.7438;0.7803;0.864;0.0586;-4.8;0.4016;0.4219;0
200;108;0.8022;0.8567;0.8957;7.5212;0.8;6.4493;6.3952;0
201;109;0.7301;0.7035;0.8734;5.1993;-20.6;2.9654;3.7339;0
202;110;0.5262;0.6154;0.7264;0.2431;-4.8;0.5434;0.571;0
203;111;0.7502;0.7714;0.8763;3.293;-13.9;2.9846;3.467;0
205;112;0.7199;0.6028;0.9021;4.3888;-32.1;2.3801;3.505;0
208;113;0.6376;0.6977;0.799;9.8954;1.4;5.4186;5.3439;0
210;114;0.5906;0.597;0.7842;3.1522;-18.7;1.6929;2.0822;0
212;115;0.6153;0.7205;0.7918;0.787;11;1.308;1.1784;0
213;116;0.7277;0.7426;0.8577;0.3107;-4.9;1.2472;1.3113;0
214;117;0.645;0.6964;0.8087;0.2664;7;1.1852;1.108;0
217;118;0.5128;0.509;0.7956;2.8467;-33.5;1.6078;2.4165;0
219;119;0.7311;0.8008;0.8568;1.6029;5;2.7371;2.6076;0
220;120;0.6601;0.7186;0.8175;0.8589;12.6;1.2794;1.1362;0
222;121;0.6689;0.6901;0.8344;0.8905;23.6;1.3534;1.0954;0
226;122;0.6622;0.7311;0.8175;3.0537;10.4;2.4448;2.2139;0
229;123;0.4046;0.4847;0.6686;0.2389;28.5;0.5633;0.4382;0
230;124;0.5602;0.65;0.7565;23.5163;-8.8;8.3352;9.1395;0
232;125;0.5683;0.6152;0.7671;1.2255;20.5;1.402;1.1635;0
235;126;0.319;0.4902;0.6039;0.1717;12.9;0.8247;0.7304;0
236;127;0.6244;0.7247;0.7908;0.5016;-0.1;1.1575;1.1591;0
238;128;0.6074;0.6784;0.7908;0.7765;16.3;1.3131;1.1286;0
240;129;0.5119;0.5789;0.7299;0.2599;11.4;1.0004;0.8979;0
241;130;0.675;0.7164;0.8303;0.5972;15.9;1.1801;1.018;0
242;131;0.519;0.5785;0.7415;0.4235;24.4;0.8278;0.6657;0
244;132;0.755;0.8294;0.8695;2.8199;-1.9;3.785;3.8592;0
245;133;0.5903;0.7171;0.847;2.1792;-18.7;3.5752;4.3973;0
246;134;0.6843;0.7543;0.8272;0.8154;0.3;1.5454;1.5404;0
247;135;0.7978;0.8557;0.8934;1.3477;-1.5;2.6109;2.6517;0
250;136;0.6011;0.6987;0.7757;3.5912;-1.3;2.5473;2.5815;0
251;137;0.7844;0.843;0.8857;2.9987;0.9;4.7715;4.7307;0
253;138;0.7657;0.808;0.8761;10.0921;2.8;9.4538;9.1984;0
255;139;0.7164;0.7718;0.8489;18.0481;-5.3;9.2153;9.7299;0
256;140;0.5904;0.6507;0.7699;21.3829;3.6;7.9517;7.6753;0
257;141;0.5238;0.5931;0.7254;4.9397;-7.5;1.8671;2.0194;0
259;142;0.6299;0.6927;0.7947;4.9957;-3.4;3.6441;3.7732;0
260;143;0.6173;0.7132;0.7892;1.2828;6.9;1.9703;1.8439;0
261;144;0.606;0.6436;0.7811;0.6253;-5.4;0.6452;0.6822;0
262;145;0.6151;0.6916;0.7863;21.4001;-6.8;5.7441;6.1662;0
264;146;0.7031;0.7441;0.8549;0.6082;-15.3;1.3189;1.5573;0
265;147;0.3673;0.1841;0.8593;5.8666;-59.1;0.9617;2.3493;0
268;148;0.699;0.7034;0.8724;1.3053;-20.8;1.9491;2.4607;0
269;149;0.5751;0.6553;0.7598;1.032;3.8;2.0105;1.9374;0
271;150;-0.1018;-0.0635;0.8378;5.8378;-78.9;0.4441;2.1048;0
272;151;0.4482;0.3692;0.7524;1.4022;-41.8;0.6797;1.1687;0
274;152;0.5111;0.4765;0.7489;0.8571;-28.7;0.6417;0.9004;0
275;153;0.6172;0.6779;0.7967;2.4459;17.3;2.2377;1.9076;0
277;154;0.5748;0.651;0.7613;0.4829;6.1;1.267;1.1947;0
278;155;0.6414;0.6756;0.8032;6.7449;0.4;4.066;4.0503;0
279;156;0.5745;0.6424;0.7692;0.1024;15.2;0.4895;0.425;0
282;157;0.6564;0.7473;0.8116;1.8813;5.9;1.5628;1.476;0
283;158;0.4344;0.4875;0.6839;0.2645;24.2;0.6398;0.5153;0
285;159;0.6832;0.7543;0.8287;0.5871;5.7;1.4855;1.4051;0
288;160;0.3639;0.488;0.625;0.2544;11.6;0.9554;0.8562;0
289;161;0.6674;0.7446;0.8171;0.2791;1.2;1.0122;1.0004;0
290;162;0.6429;0.7184;0.8036;0.0555;4.8;0.456;0.4351;0
292;163;0.596;0.6838;0.7842;0.4276;14.9;1.0521;0.9159;0
293;164;0.6374;0.7154;0.7985;1.4097;1.5;2.2361;2.204;0
294;165;0.6261;0.6904;0.7952;10.0259;-8.8;4.1911;4.5949;0
295;166;;;;;;;;1
298;167;;;;;;;;1
299;168;0.6411;0.6727;0.8088;4.3807;19.5;2.4412;2.0437;0
301;169;0.6643;0.7396;0.8151;0.2598;-1.2;0.8056;0.8156;0
302;170;0.5903;0.6354;0.7784;1.037;-12.5;1.3188;1.5079;0
303;171;0.6223;0.6852;0.7935;0.2205;-8.5;0.6943;0.7587;0
305;172;0.7259;0.7995;0.8521;0.3894;-0.6;1.3418;1.3502;0
306;173;0.6699;0.7433;0.8211;0.3078;8.5;0.7861;0.7243;0
308;174;0.6901;0.748;0.8317;0.1341;6.9;0.3961;0.3705;0
312;175;0.5706;0.6663;0.7556;0.0091;0.8;0.1337;0.1327;0
315;176;0.5678;0.6153;0.759;2.8686;18.2;1.5196;1.2856;0
316;177;0.6049;0.6328;0.7899;0.2952;24.3;0.5916;0.4759;0
318;178;0.581;0.6336;0.7748;1.2588;-14.8;1.3677;1.6052;0
321;179;0.4584;0.4991;0.6902;0.6316;23.7;0.7561;0.6112;0
322;180;0.3186;0.413;0.5693;0.0226;7.7;0.1582;0.1469;0
324;181;;;;;;;;1
325;182;0.6124;0.6749;0.7849;3.1077;-5.2;2.8824;3.0403;0
326;183;0.5014;0.5044;0.7197;0.1098;0.2;1.3508;1.3478;0
329;184;;;;;;;;1
330;185;0.6807;0.7368;0.8258;1.2578;-3.1;1.7772;1.8346;0
334;186;0.5857;0.6911;0.7676;0.5246;5.6;0.9809;0.9288;0
335;187;0.5672;0.6266;0.7613;2.703;14.5;2.1916;1.9143;0
337;188;0.5408;0.5997;0.7388;0.0646;7.8;0.3262;0.3025;0
340;189;0.455;0.561;0.6842;0.1781;14.9;0.4548;0.3959;0
343;190;0.4452;0.5414;0.6745;1.6175;9.8;1.8469;1.6814;0
344;191;0.5846;0.3713;0.8011;0.3868;53.5;0.6374;0.4153;0
346;192;0.4881;0.2881;0.7672;2.8453;64;1.9094;1.1642;0
347;193;0.3491;0.3122;0.6409;0.2185;50.4;0.417;0.2772;0
348;194;0.4662;0.5511;0.692;0.0029;21.5;0.0395;0.0325;0
349;195;-0.0362;0.1027;0.4395;0.0609;47.7;0.3577;0.2421;0
350;196;-0.6092;-0.2466;0.1117;0.1723;63.5;0.6187;0.3784;0
352;197;0.5047;0.4956;0.7256;0.0548;29.5;0.2109;0.1628;0
354;198;0.5917;0.6115;0.7745;0.0595;22.2;0.1895;0.1551;0
356;199;0.634;0.683;0.7976;0.8101;7.9;0.7414;0.6872;0
359;200;0.6434;0.6988;0.8061;3.0998;12.1;2.1833;1.9478;0
361;201;0.3722;0.4138;0.6371;0.0875;27.2;0.32;0.2515;0
363;202;0.027;-0.0924;0.1858;0.0032;-1.1;0.0645;0.0652;0
366;203;0.6094;0.6856;0.7807;0.2276;-0.7;0.9703;0.9776;0
374;204;;;;;;;;1
377;205;0.5458;0.6163;0.7493;0.5794;14;1.1495;1.0087;0
378;206;0.6266;0.6723;0.7964;1.6549;8.2;2.165;2.0002;0
379;207;;;;;;;;1
380;208;;;;;;;;1
382;209;;;;;;;;1
383;210;0.5043;0.5516;0.7192;1.4945;17.9;1.2806;1.0858;0
388;211;0.5029;0.3712;0.7832;0.1954;54.2;0.5923;0.3842;0
390;212;0.3103;0.4543;0.5783;0.0307;13;0.216;0.1911;0
392;213;-0.0898;-0.426;-0.1646;0.283;-0.2;2.176;2.1799;0
395;214;0.036;0.1408;0.4008;0.0083;30.2;0.1392;0.1069;0
398;215;-0.1414;-0.2258;0.0143;0.0089;20.1;0.1291;0.1075;0
401;216;0.6438;0.7133;0.8028;2.595;2.9;2.4229;2.3552;0
402;217;0.5492;0.6348;0.7415;1.8118;2.7;1.8472;1.7992;0
405;218;0.4865;0.5605;0.6977;0.2955;0.6;1.0391;1.0333;0
408;219;0.4649;0.5509;0.6818;0.3574;0.2;1.1871;1.1848;0
409;220;0.3791;0.4825;0.6185;0.5144;3.4;1.3503;1.3061;0
411;221;0.1795;0.2472;0.4312;0.0624;2.2;0.3307;0.3235;0
415;222;-0.8143;0.1612;0.547;0.0284;65.9;0.3264;0.1967;0
428;223;0.2301;0.2728;0.4976;0.4179;14.9;0.7515;0.6541;0
430;224;0.1906;0.2109;0.4414;0.5104;8.4;0.6614;0.61;0
431;225;0.1923;0.2567;0.4499;0.0423;7.6;0.2719;0.2527;0
435;226;0.1603;0.1992;0.4067;0.0016;2.2;0.0896;0.0877;0
436;227;0.2623;0.3218;0.523;0.3866;9.2;0.9096;0.8329;0
439;228;0.2006;0.2503;0.4502;0.6125;2.1;0.9755;0.9559;0
441;229;0.2811;0.343;0.5457;0.4608;14.3;0.8297;0.7262;0
445;230;0.2099;0.3115;0.4713;2.7258;4.5;2.7821;2.6618;0
447;231;0.0272;-0.1309;0.1735;0.4231;-0.2;0.3701;0.3707;0
449;232;0.2017;0.2227;0.4595;0.0259;11.1;0.174;0.1566;0
453;233;0.4269;0.5197;0.6535;0.25;0.3;0.9573;0.9546;0
455;234;0.2205;0.2023;0.5008;2.9722;32.3;1.3679;1.0339;0
457;235;0.3547;0.4415;0.6065;0.3365;7.2;1.2297;1.147;0
459;236;0.2106;0.241;0.459;0.6302;0.5;0.6262;0.6233;0
461;237;0.2365;0.2971;0.4887;0.1187;3.2;0.4657;0.4511;0
465;238;0.0843;0.0158;0.2953;0.595;11.3;0.3656;0.3284;0
469;239;0.1922;0.2713;0.4484;0.4229;5.1;0.7884;0.7502;0
471;240;0.5649;0.6659;0.7523;2.2106;2;2.5702;2.5196;0
472;241;0.7912;0.8471;0.8907;2.4737;4.1;4.0017;3.8453;0
475;242;0.7967;0.8434;0.8928;1.5606;1.3;3.5647;3.5195;0
476;243;0.8256;0.8718;0.9086;0.9376;0;2.4742;2.4732;0
477;244;0.8167;0.864;0.904;0.2481;2;1.2843;1.2592;0
478;245;0.8018;0.8436;0.8963;0.7961;-3.5;2.0708;2.1465;0
480;246;0.649;0.7227;0.8069;0.8896;4.5;1.6714;1.5994;0
483;247;;;;;;;;1
485;248;;;;;;;;1
488;249;0.4176;0.5243;0.6495;0.979;3.1;2.5102;2.4355;0
489;250;0.8095;0.8621;0.8998;2.022;-0.4;4.1282;4.1464;0
490;251;0.7441;0.8196;0.8628;2.9906;0.2;6.0202;6.0082;0
491;252;0.7213;0.7932;0.8494;1.2639;-0.5;3.2004;3.2174;0
492;253;;;;;;;;1
495;254;0.4291;0.5286;0.6556;0.1323;0.7;0.9084;0.9025;0
496;255;0.5336;0.6378;0.7345;6.3966;5.1;5.6463;5.3746;0
498;256;0.596;0.6695;0.7723;0.5589;0.7;2.5217;2.5039;0
500;257;0.2879;0.3419;0.538;2.2087;4.2;1.7658;1.6952;0
505;258;0.3218;0.3739;0.5721;5.9439;7.9;2.8657;2.656;0
506;259;0.4567;0.4852;0.7092;0.1815;31.4;0.5196;0.3954;0
508;260;0.4398;0.4724;0.6819;0.5076;26.6;0.7174;0.5666;0
509;261;0.487;0.5638;0.6985;0.8691;3;1.2496;1.2128;0
510;262;0.5793;0.6715;0.7613;0.6377;0.5;1.7696;1.7603;0
511;263;0.5098;0.5886;0.7155;0.7074;5.8;0.9955;0.9409;0
513;264;0.4657;0.5669;0.6836;0.7513;2.5;1.5957;1.5562;0
514;265;0.54;0.6023;0.7359;0.2011;2.6;0.533;0.5193;0
516;266;0.4561;0.4834;0.6831;6.4214;17.5;2.0518;1.7469;0
517;267;0.4295;0.4812;0.6583;1.1272;16.8;0.5962;0.5105;0
520;268;0.3396;0.4059;0.5889;3.1107;16.9;1.2477;1.0674;0
523;269;0.3894;0.4569;0.6505;1.1133;27.6;1.1228;0.8802;0
524;270;0.5891;0.7505;0.8954;1.0341;21.4;4.1379;3.408;0
525;271;0.7704;0.8227;0.8828;0.3237;7;1.7109;1.5991;0
528;272;0.8655;0.8951;0.9305;5.8066;-2.2;5.3332;5.4541;0
529;273;0.8645;0.8958;0.9309;1.0203;-5.7;1.9202;2.0369;0
531;274;0.814;0.716;0.9207;3.4722;-15.6;2.6432;3.1304;0
534;275;0.8489;0.8921;0.9219;10.7209;3.1;8.7055;8.4474;0
535;276;0.902;0.9273;0.9498;0.6782;0.9;2.4258;2.4036;0
536;277;0.8015;0.7196;0.9245;0.0689;26;0.6583;0.5223;0
539;278;0.6757;0.756;0.8251;1.1168;7.2;1.8791;1.7525;0
542;279;;;;;;;;1
545;280;0.8228;0.866;0.9073;2.0462;2;3.5064;3.4391;0
546;281;;;;;;;;1
549;282;0.6583;0.7352;0.8114;0.2442;0.7;1.0425;1.0353;0
551;283;0.7901;0.8092;0.8902;0.1302;2.8;0.597;0.5806;0
554;284;0.5888;0.6535;0.7802;0.024;11.6;0.3239;0.2902;0
559;285;0.4411;0.4902;0.6893;3.0634;14.5;3.1797;2.7768;0
560;286;0.4348;0.5616;0.6622;0.075;0.6;1.1103;1.1036;0
564;287;0.3806;0.5097;0.629;0.7117;6.9;1.7975;1.6812;0
565;288;0.6654;0.7459;0.8182;4.0873;5.7;4.0667;3.849;0
568;289;0.3732;0.4963;0.6281;1.2177;11.6;1.8271;1.6375;0
570;290;0.6266;0.6894;0.7931;19.7001;4.6;7.569;7.2384;0
572;291;0.484;0.5666;0.7104;0.6161;-9.3;1.5286;1.6846;0
573;292;;;;;;;;1
575;293;0.6201;0.7326;0.7891;2.8908;1.3;3.5854;3.5387;0
577;294;;;;;;;;1
579;295;0.419;0.5444;0.6538;0.7705;4.5;1.9777;1.8918;0
580;296;0.1512;0.1988;0.4012;0.4401;3.2;1.6618;1.6097;0
583;297;-0.0088;-0.2167;0.0802;0.072;0.2;0.462;0.4609;0
585;298;0.2669;0.3104;0.5197;0.0333;2.5;0.4803;0.4687;0
588;299;0.3738;0.4326;0.6331;0.3915;15;0.9704;0.844;0
589;300;0.2373;0.3451;0.499;0.1848;3.8;0.9557;0.9205;0
591;301;0.3845;0.4831;0.6435;0.2895;20;0.6907;0.5758;0
593;302;0.3895;0.4728;0.6384;0.0684;11.2;0.4464;0.4016;0
594;303;0.5328;0.6212;0.7404;0.0168;12.3;0.2146;0.1911;0
595;304;0.0909;0.196;0.3609;0.0115;9;0.1616;0.1483;0
599;305;0.2951;0.3802;0.5462;0.0217;1.9;0.4445;0.4363;0
600;306;;;;;;;;1
601;307;0.3957;0.479;0.6298;0.0122;1.3;0.3427;0.3384;0
603;308;0.4244;0.5726;0.6599;1.0706;3.3;2.7867;2.6986;0
604;309;0.4905;0.5563;0.7114;0.2758;5.8;1.5802;1.4942;0
606;310;0.4911;0.6193;0.706;0.0694;3.5;0.7219;0.6975;0
608;311;;;;;;;;1
621;312;0.7256;0.7935;0.8525;3.7845;3.1;3.9218;3.8023;0
622;313;;;;;;;;1
623;314;;;;;;;;1
624;315;0.6952;0.7499;0.8385;16.3074;-8.2;7.1885;7.8307;0
625;316;;;;;;;;1
626;317;0.3653;0.5151;0.6319;0.8635;12.7;1.7272;1.533;0
627;318;0.5412;0.6308;0.7541;8.0429;13.4;5.8769;5.1839;0
629;319;0.5607;0.6856;0.7639;20.629;8.1;13.2445;12.2553;0
631;320;0.7331;0.6745;0.8714;20.462;27.2;6.6449;5.2254;0
634;321;0.3761;0.5766;0.6606;5.2769;13.4;5.1996;4.5848;0
635;322;0.4099;0.5538;0.6789;3.6158;17.4;3.6211;3.0854;0
640;323;0.6355;0.7353;0.7978;9.1818;0.6;5.116;5.0835;0
641;324;0.691;0.7775;0.8321;3.1893;3.1;2.93;2.8409;0
644;325;0.5577;0.6357;0.7633;4.0088;17.9;3.0989;2.6289;0
645;326;0.5471;0.5901;0.7576;3.0211;21.8;2.3596;1.9367;0
646;327;0.4772;0.5919;0.6937;0.6811;2.9;1.999;1.9418;0
649;328;0.3657;0.4933;0.6208;2.3719;8.5;3.2081;2.9577;0
650;329;0.2093;0.4353;0.5174;2.4694;6.3;4.2003;3.9509;0
651;330;0.6846;0.5141;0.8543;6.5466;44.4;3.1503;2.1823;0
654;331;0.6941;0.6792;0.8541;3.4072;26.8;2.8825;2.2741;0
655;332;0.4966;0.7261;0.742;1.2491;6.4;3.3986;3.1938;0
661;333;0.7893;0.8104;0.8897;2.5984;-2.6;2.8473;2.9247;0
662;334;0.7446;0.7885;0.8688;13.9203;11;7.5251;6.7794;0
663;335;0.7815;0.8246;0.8857;3.3633;4.8;4.6109;4.3979;0
665;336;0.7353;0.8089;0.8632;2.7101;7.6;4.3089;4.005;0
670;337;0.7008;0.7511;0.8384;10.9386;-3;7.6712;7.9072;0
672;338;0.7081;0.774;0.8425;3.1887;3;4.5793;4.4441;0
673;339;0.6524;0.7181;0.8188;5.1267;15.9;3.625;3.1265;0
674;340;0.4169;0.5216;0.6614;2.286;11.6;2.6941;2.4137;0
687;341;0.7608;0.8143;0.8811;2.1828;9.4;4.3605;3.9863;0
692;342;0.5948;0.6557;0.7726;4.6336;3.3;3.8194;3.6989;0
695;343;0.514;0.6596;0.7326;1.7306;9.5;2.8045;2.5621;0
696;344;;;;;;;;1
697;345;0.6362;0.7514;0.8028;1.1589;2.8;5.1204;4.9825;0
698;346;0.3608;0.5278;0.628;5.0085;13;3.5384;3.1323;0
699;347;0.5281;0.5956;0.7551;1.4071;22.3;1.9376;1.5844;0
703;348;0.4335;0.4723;0.7106;9.5376;37.8;3.8975;2.8294;0
704;349;0.4861;0.2066;0.798;1.8334;73.2;1.73;0.9986;0
705;350;;;;;;;;1
706;351;0.7427;0.7954;0.8623;4.0039;3.3;3.2912;3.1854;0
707;352;0.7078;0.7859;0.8415;15.6716;-0.5;7.3839;7.4242;0
709;353;0.6869;0.7329;0.8298;16.4456;-2;8.1468;8.3163;0
718;354;0.6151;0.7066;0.7846;5.6931;1.4;4.2078;4.1501;0
719;355;0.5878;0.6465;0.7831;6.3005;15.7;4.5846;3.9642;0
720;356;0.4434;0.6181;0.6998;25.0154;17.5;7.2825;6.198;0
725;357;0.6922;0.7501;0.8322;13.7244;1;7.9873;7.9077;0
726;358;0.6983;0.7652;0.8395;2.939;8.4;3.2337;2.9841;0
729;359;0.7046;0.7839;0.8446;44.9422;6.9;17.3471;16.2309;0
731;360;0.6596;0.7118;0.8305;2.9677;18.5;3.2354;2.7299;0
732;361;0.4988;0.4172;0.7709;24.0369;50.2;6.3419;4.2221;0
734;362;;;;;;;;1
740;363;0.5812;0.5773;0.777;0.2809;-15.6;0.4939;0.5854;0
746;364;0.4054;0.5643;0.6644;0.2474;10.7;1.1496;1.0383;0
748;365;0.6085;0.6796;0.8001;0.3555;18.4;1.0723;0.9054;0
750;366;0.6256;0.6955;0.8063;0.2899;16.2;0.9755;0.8394;0
751;367;0.2448;0.4059;0.5345;0.2786;13.2;0.843;0.7445;0
752;368;0.6718;0.7121;0.821;0.3658;-0.2;0.7489;0.7507;0
753;369;0.5311;0.6467;0.7506;1.2394;12.8;2.5329;2.2459;0
754;370;0.6007;0.6394;0.7861;0.0039;12;0.1119;0.0999;0
755;371;0.644;0.709;0.8225;0.7611;16.7;1.8319;1.5694;0
756;372;-0.3384;-0.222;0.8004;0.1793;119.8;0.6627;0.3015;0
763;373;0.0234;0.3632;0.4197;0.1749;9.4;0.9826;0.8978;0
764;374;0.1114;0.261;0.4352;1.741;24.5;1.6463;1.3223;0
766;375;0.6723;0.7342;0.8326;1.2354;15.7;2.0124;1.7388;0
769;376;0.4915;0.631;0.7262;0.1841;12.8;0.9471;0.8395;0
770;377;0.2052;0.3458;0.4846;0.303;11.7;0.667;0.5971;0
771;378;0.5864;0.5473;0.7924;0.1062;-20;0.2974;0.3718;0
772;379;0.5114;0.5708;0.7355;0.0655;23.7;0.3256;0.2632;0
773;380;0.558;0.6455;0.7575;0.1216;11.2;0.6539;0.5882;0
774;381;0.5935;0.638;0.7909;0.0133;24.2;0.162;0.1304;0
776;382;0.3244;0.4943;0.6027;0.3634;13.1;1.0223;0.9039;0
777;383;0.7365;0.7792;0.8587;0.1507;-0.8;0.6877;0.6931;0
778;384;-0.0761;0.3019;0.3391;0.3232;-0.8;1.7284;1.7424;0
779;385;0.2835;0.2255;0.5731;0.0271;51.6;0.1193;0.0787;0
782;386;0.6063;0.6495;0.7869;0.0764;15.7;0.3652;0.3157;0
784;387;0.352;0.4703;0.6033;0.1138;7.5;0.576;0.536;0
786;388;0.0098;0.4159;0.6263;0.4928;43.1;1.3297;0.9295;0
787;389;0.5841;0.7164;0.783;0.4921;10.8;1.7413;1.5721;0
788;390;0.1752;0.4114;0.5107;0.4924;14.6;1.3159;1.1483;0
790;391;;;;;;;;1
791;392;;;;;;;;1
796;393;0.4451;0.5771;0.6789;0.1433;4.9;1.2616;1.2032;0
797;394;0.8145;0.7704;0.9137;0.7254;-18.9;1.2091;1.4901;0
799;395;0.6844;0.7565;0.8273;24.8055;0.2;9.5017;9.483;0
800;396;;;;;;;;1
801;397;0.8886;0.9222;0.9427;0.3255;-0.3;1.7193;1.7242;0
804;398;0.396;0.3099;0.6458;5.7305;43.3;1.3863;0.9676;0
807;399;0.8523;0.8994;0.9243;6.5869;3.5;8.071;7.796;0
810;400;0.5729;0.6852;0.7597;11.5436;3.4;8.2461;7.9778;0
811;401;0.4192;0.5999;0.8014;26.5872;-26.5;8.8327;12.0236;0
812;402;0.8262;0.8694;0.9097;5.9039;3.6;5.8666;5.661;0
813;403;0.8339;0.8663;0.9143;5.805;5.6;4.9324;4.6701;0
814;404;0.8791;0.9073;0.9378;1.9469;2.3;3.1031;3.0319;0
815;405;0.859;0.8815;0.9285;0.5813;5.2;2.2468;2.1348;0
817;406;0.6013;0.7136;0.7768;0.1788;-0.9;1.0856;1.0956;0
818;407;0.6423;0.6469;0.8657;0.2892;28.5;1.3244;1.0309;0
819;408;0.7829;0.8379;0.8859;0.1687;4.8;0.821;0.7833;0
822;409;0.6513;0.6841;0.8094;1.5309;-1.4;1.8313;1.8571;0
823;410;0.7161;0.6643;0.863;1.0187;-1.3;1.5291;1.549;0
825;411;0.7553;0.7729;0.8721;4.601;-5.6;3.6919;3.9119;0
826;412;0.6127;0.6764;0.7891;15.4414;14.1;5.0871;4.4599;0
828;413;0.3242;0.3533;0.6049;8.4118;28.4;3.2205;2.5089;0
830;414;;;;;;;;1
832;415;;;;;;;;1
834;416;0.7043;0.6824;0.8457;18.6006;15.6;4.2433;3.6696;0
837;417;0.427;0.4485;0.6716;0.6439;28.9;0.7322;0.5681;0
839;418;0.599;0.6468;0.7805;0.0261;18.1;0.1674;0.1417;0
841;419;0.7091;0.5748;0.8583;0.3026;37.6;0.6201;0.4508;0
842;420;0.6059;0.1651;0.8201;0.2777;76.2;0.4545;0.2579;0
845;421;0.2897;-0.077;0.5932;0.0291;88.5;0.105;0.0557;0
846;422;0.4802;0.4276;0.7178;0.2287;41.1;0.427;0.3027;0
850;423;0.3184;0.3362;0.5749;0.0161;22.7;0.0877;0.0715;0
852;424;;;;;;;;1
854;425;0.4551;0.4915;0.6946;0.4175;27.3;0.6757;0.531;0
858;426;0.3292;0.3836;0.5948;0.1373;25.8;0.3423;0.272;0
860;427;0.6653;0.7223;0.8212;1.1538;12.2;1.6133;1.4373;0
863;428;0.5857;0.6501;0.7752;2.831;15.7;2.3635;2.0422;0
866;429;0.2738;0.3236;0.5362;0.4593;14.8;0.7212;0.6283;0
868;430;0.4841;0.5387;0.7;0.1284;12.9;0.3169;0.2806;0
871;431;0.6412;0.6951;0.818;1.3115;17.1;2.1872;1.8681;0
872;432;0.2335;0.2441;0.5125;0.0101;34.2;0.0766;0.0571;0
875;433;0.4645;0.5228;0.6932;1.9404;19.4;1.4834;1.2426;0
876;434;0.5916;0.6222;0.7783;0.7951;19.1;1.0246;0.8602;0
879;435;0.4286;0.5092;0.6635;1.9714;15.3;1.5047;1.3055;0
882;436;0.2545;-0.1099;0.5902;0.0276;90.6;0.1195;0.0627;0
3;437;0.4869;0.5807;0.7059;31.3169;-13.9;5.0083;5.8144;0
12;438;0.3796;0.6109;0.7445;0.3074;-15.7;1.5781;1.8723;0
16;439;0.6058;0.6659;0.781;21.1624;9.3;5.3739;4.9171;0
18;440;0.4813;0.5013;0.7292;3.051;27.1;2.495;1.9629;0
21;441;0.7843;0.8221;0.8875;19.0249;-6;8.3899;8.9239;0
26;442;0.4283;0.3563;0.8763;72.3787;-54.3;5.1801;11.3467;0
34;443;0.7919;0.8377;0.8909;6.981;-5.1;4.689;4.9391;0
39;444;0.6477;0.7334;0.8051;19.3456;1.6;8.4345;8.304;0
50;445;0.8469;0.8792;0.9207;12.9701;2.7;9.3633;9.1164;0
56;446;0.8838;0.8734;0.943;5.0282;-10.1;4.2914;4.7752;0
71;447;0.8546;0.8781;0.9278;10.0034;6;11.4285;10.7766;0
80;448;0.3865;0.5053;0.6242;1.6188;-1.7;1.2928;1.3154;0
85;449;0.1892;0.4432;0.5639;10.6555;18.8;7.4937;6.3053;0
91;450;0.6535;0.7447;0.8099;35.0112;4.1;10.7373;10.3137;0
95;451;0.7321;0.7751;0.8754;16.9034;13.3;12.5262;11.0589;0
98;452;0.6592;0.7374;0.8121;1.4153;1.4;2.5779;2.5423;0
102;453;;;;;;;;1
105;454;0.6703;0.7483;0.8209;5.6749;5;5.2131;4.967;0
110;455;;;;;;;;1
113;456;0.8435;0.8696;0.9193;4.5511;-4.7;4.4055;4.6217;0
124;457;0.8738;0.9062;0.9351;2.079;-1.6;5.8726;5.9707;0
126;458;0.8188;0.8789;0.9052;5.3145;-0.9;8.6102;8.6901;0
127;459;0.6366;0.7022;0.8209;4.5639;-16.3;3.4995;4.1835;0
133;460;0.6527;0.7135;0.8107;94.5709;6.1;18.9289;17.8475;0
136;461;0.7309;0.7605;0.8632;56.6047;8.9;20.0595;18.417;0
141;462;0.667;0.7103;0.8197;4.975;5.1;4.5764;4.3545;0
151;463;0.4506;0.403;0.7402;1.5605;48.9;1.5913;1.069;0
154;464;0.488;0.5172;0.7716;2.2181;29.3;2.9182;2.2565;0
156;465;0.1963;0.1987;0.5698;0.5501;43.8;0.9452;0.6572;0
158;466;0.2807;0.0298;0.7871;0.4068;94;0.8892;0.4583;0
165;467;0.6333;0.6161;0.817;6.7585;22.6;4.0135;3.2735;0
170;468;0.6781;0.6974;0.8342;0.8082;20.3;1.2458;1.0352;0
175;469;0.679;0.721;0.8272;0.6679;12.6;0.9391;0.8341;0
182;470;0.7568;0.7968;0.8711;2.8502;-4.1;2.983;3.1112;0
184;471;0.7043;0.7187;0.8495;7.2292;-10.8;4.7547;5.3307;0
189;472;0.6331;0.6719;0.8042;2.4718;17.3;2.0547;1.7524;0
193;473;0.6605;0.7176;0.8165;2.0189;13.6;1.5515;1.3652;0
198;474;0.7661;0.807;0.8756;2.5015;1.1;3.1228;3.0883;0
204;475;0.7818;0.7601;0.902;89.3175;-16.4;17.7152;21.1961;0
209;476;0.6846;0.7278;0.8293;34.8474;4.1;11.2099;10.7674;0
215;477;0.6969;0.7245;0.8379;5.2203;5.1;4.0243;3.8298;0
221;478;0.7427;0.791;0.8641;13.2659;6.5;7.2861;6.8399;0
223;479;0.6103;0.438;0.8452;1.9178;47.9;2.1121;1.4283;0
231;480;0.732;0.7708;0.8564;31.4254;-1.3;12.596;12.7594;0
237;481;0.6737;0.7115;0.8299;4.2611;14.7;3.4388;2.997;0
243;482;0.669;0.6506;0.8401;3.0171;26.8;2.7358;2.1569;0
248;483;0.7735;0.8407;0.8797;48.2424;-0.5;21.6003;21.6981;0
258;484;0.7145;0.7562;0.8503;80.3417;-7;19.6474;21.1218;0
266;485;0.6445;0.5895;0.8998;13.6347;-36;4.4061;6.8861;0
270;486;0.6762;0.7194;0.8234;6.2603;1.1;5.547;5.4885;0
284;487;0.4807;0.5543;0.7108;1.7186;18.4;1.8367;1.5519;0
286;488;0.637;0.6902;0.8021;3.5471;7.7;3.2468;3.0148;0
291;489;0.6908;0.7382;0.8376;3.713;9.9;3.9287;3.5741;0
296;490;;;;;;;;1
304;491;0.6529;0.6957;0.813;17;-7.7;6.7639;7.3271;0
309;492;;;;;;;;1
313;493;0.5595;0.6391;0.754;1.5341;11.1;1.7617;1.5855;0
317;494;0.5727;0.5859;0.7647;9.1941;13.3;3.0513;2.6941;0
319;495;;;;;;;;1
327;496;;;;;;;;1
331;497;0.6706;0.7199;0.8214;5.8941;7.7;3.5476;3.2926;0
336;498;0.6936;0.7607;0.8343;7.8736;4.9;5.3536;5.1038;0
338;499;0.587;0.6539;0.7674;0.1884;4;0.6709;0.6453;0
341;500;;;;;;;;1
345;501;0.4088;0.3006;0.6749;5.8928;46.5;1.9819;1.3526;0
355;502;0.5116;0.5939;0.7153;2.7981;1.9;1.1918;1.1693;0
357;503;0.6011;0.6382;0.7796;3.7756;15.9;1.7751;1.532;0
360;504;0.6164;0.6669;0.7885;5.8812;9.3;3.088;2.824;0
367;505;;;;;;;;1
381;506;0.6664;0.7047;0.8224;1.7671;11.7;2.1099;1.889;0
384;507;0.7458;0.7895;0.8698;0.2236;11.6;0.9299;0.833;0
391;508;;;;;;;;1
396;509;0.3705;0.5096;0.6157;0.1549;3.2;0.7274;0.705;0
403;510;0.6689;0.7342;0.818;9.3891;1;5.3453;5.2933;0
406;511;0.5308;0.6861;0.7618;0.1777;12.9;1.1192;0.9914;0
410;512;;;;;;;;1
416;513;-0.2602;0.0012;0.6764;0.1171;78.6;0.5701;0.3192;0
429;514;0.2573;0.2775;0.5213;0.7373;11.7;1.0404;0.9312;0
432;515;0.0736;0.0095;0.2964;0.4142;14.9;0.606;0.5275;0
437;516;0.3388;0.4096;0.5889;0.7034;7.9;1.2534;1.1612;0
446;517;0.289;0.4173;0.5493;2.59;4.9;3.045;2.9018;0
450;518;0.164;0.1733;0.4139;0.3596;11.3;0.5426;0.4873;0
454;519;0.4326;0.5281;0.6607;6.7841;4.2;5.301;5.0895;0
458;520;0.3038;0.3945;0.5884;1.1223;18.7;1.6575;1.3962;0
462;521;0.1549;0.145;0.3936;0.4648;0.3;0.7204;0.7186;0
466;522;0.1925;0.2232;0.4449;0.5187;13.2;0.4721;0.4169;0
470;523;0.371;0.4855;0.6157;1.0872;6.5;1.6208;1.5216;0
473;524;0.7635;0.8339;0.8744;9.195;2;7.8343;7.677;0
479;525;0.8316;0.8772;0.9119;15.7524;0.1;11.0196;11.0035;0
486;526;0.7886;0.846;0.8881;8.4121;0.7;8.6928;8.6324;0
493;527;0.6554;0.7261;0.8099;18.149;-2.1;6.9113;7.0629;0
507;528;0.3244;0.4018;0.5759;61.7353;8.6;10.1453;9.3385;0
512;529;0.5664;0.6154;0.7587;7.2365;13.9;3.1152;2.7353;0
515;530;0.5454;0.5969;0.7564;4.4783;15;3.8074;3.3099;0
526;531;0.7253;0.7996;0.8543;8.6267;4.5;8.5746;8.2058;0
530;532;0.8882;0.8864;0.945;14.297;7.3;11.3748;10.6011;0
532;533;0.8565;0.7885;0.9354;4.3168;-15.1;3.6112;4.2533;0
543;534;0.694;0.591;0.8733;15.6345;-0.3;7.8181;7.8433;0
550;535;0.64;0.7003;0.8027;8.3518;4.7;6.6139;6.32;0
552;536;0.4548;0.5389;0.6744;1.1139;-1.1;1.0146;1.0256;0
555;537;0.5292;0.6204;0.7287;2.5711;3.1;3.2118;3.1143;0
561;538;;;;;;;;1
566;539;0.6689;0.7267;0.8222;25.2293;7.6;10.2098;9.4881;0
574;540;0.5577;0.6303;0.7486;13.0538;-4.8;5.4145;5.6879;0
576;541;0.6168;0.719;0.7888;3.152;5.1;3.8046;3.619;0
581;542;0.3791;0.471;0.6215;4.9148;4.6;5.2892;5.0545;0
586;543;0.462;0.6008;0.6867;0.3476;3.3;1.7586;1.7023;0
590;544;;;;;;;;1
596;545;0.4985;0.586;0.7237;2.2242;13.5;2.7994;2.4654;0
605;546;0.5218;0.6325;0.7237;3.8265;1.6;5.3213;5.2399;0
618;547;0.7478;0.8109;0.8648;97.6475;0.1;21.2995;21.2863;0
628;548;0.6103;0.681;0.7846;12.7649;5;8.6006;8.1913;0
633;549;0.641;0.4781;0.8669;7.6378;49.6;4.5899;3.068;0
642;550;0.6829;0.7313;0.8336;44.1199;10.1;13.9467;12.6698;0
647;551;0.3515;0.4816;0.6008;4.7586;2.8;6.6386;6.4557;0
652;552;0.7888;0.8072;0.8897;12.7979;4;6.0363;5.8048;0
659;553;0.7992;0.8355;0.8947;12.4436;3.7;7.1343;6.8793;0
664;554;0.8302;0.8612;0.9122;8.7089;3.1;9.3897;9.1047;0
666;555;0.8061;0.8772;0.8993;6.005;2;11.1305;10.9089;0
671;556;0.721;0.7798;0.8492;67.2542;0.5;19.0654;18.9693;0
675;557;0.6253;0.6656;0.9109;23.5588;28.5;15.9953;12.4432;0
682;558;0.5875;0.6626;0.8083;12.4566;19.2;8.7632;7.3547;0
693;559;0.654;0.7213;0.8114;22.876;5.8;9.7662;9.2297;0
700;560;0.5466;0.4151;0.8122;23.418;52.7;6.9972;4.5837;0
708;561;0.7429;0.7676;0.8637;59.3625;-2.3;16.0398;16.4208;0
715;562;0.606;0.7003;0.7796;35.036;3.9;9.4186;9.0681;0
724;563;0.7244;0.761;0.8524;25.9742;2.2;11.2809;11.0375;0
730;564;0.6753;0.7336;0.8264;285.153;7;39.0518;36.5098;0
733;565;0.5818;0.5797;0.7943;44.1811;30;9.8659;7.5877;0
743;566;0.7205;0.8017;0.8541;0.471;7;1.777;1.6611;0
758;567;-9.2581;-3.7226;0.7783;2.1796;471.4;1.7406;0.3046;0
759;568;0.6943;0.6872;0.8428;12.5552;-11.7;4.4712;5.0658;0
762;569;0.494;0.5664;0.7088;0.5384;6.4;1.5148;1.4234;0
767;570;0.4667;0.6596;0.7481;2.9252;19.9;3.8284;3.193;0
768;571;0.4137;0.582;0.6636;2.0162;6.7;3.8598;3.6166;0
785;572;0.7805;0.7856;0.8871;1.3851;8.7;2.0371;1.8747;0
789;573;0.7495;0.8136;0.877;2.3556;9.1;5.1029;4.6766;0
792;574;0.7035;0.7052;0.8466;2.1246;15.9;2.0924;1.8047;0
793;575;;;;;;;;1
795;576;0.7119;0.7878;0.8439;1.4816;0.3;4.7091;4.6946;0
798;577;0.7021;0.7717;0.8431;202.1006;7.2;36.2794;33.8483;0
802;578;0.8901;0.9279;0.9436;3.0598;0.6;5.5253;5.4914;0
809;579;0.2813;0.5796;0.766;4.0695;27;6.183;4.8681;0
816;580;0.8822;0.8509;0.9478;61.4139;12;26.7423;23.8689;0
824;581;0.7403;0.7698;0.8617;12.1223;1.5;6.4762;6.3814;0
831;582;0.6975;0.7414;0.8383;41.2965;12.6;7.5327;6.6923;0
838;583;-0.064;-0.5695;0.4836;0.063;146.4;0.188;0.0763;0
843;584;0.6158;0.3075;0.8319;8.1842;63.3;3.2154;1.9693;0
847;585;0.5079;0.4464;0.7447;6.6825;38.1;2.7952;2.0247;0
851;586;0.5946;0.6496;0.7851;5.3763;20;3.1838;2.6534;0
859;587;0.3351;0.3525;0.6285;0.6586;41.3;0.8226;0.582;0
861;588;0.6493;0.6776;0.8131;6.8339;13.1;3.8441;3.3985;0
867;589;0.1836;0.1211;0.4499;2.5945;3.2;1.5584;1.5106;0
873;590;0.6297;0.6585;0.8073;13.1925;17;5.9714;5.105;0
877;591;0.5837;0.5891;0.775;5.309;13.4;2.7868;2.4565;0
7;592;0.7757;0.8214;0.8808;108.5172;-0.1;27.9991;28.0277;0
19;593;0.6597;0.6745;0.8202;30.2109;13.6;7.8854;6.9431;0
22;594;0.7571;0.7691;0.8752;55.2674;-8.7;12.7902;14.0018;0
27;595;0.6149;0.7138;0.7848;30.1293;-2.2;6.0412;6.1801;0
35;596;0.8334;0.8799;0.9129;33.5433;-0.1;13.8115;13.823;0
51;597;0.8609;0.841;0.9371;51.8432;12.4;22.9387;20.4088;0
58;598;0.8994;0.8956;0.9502;58.3323;6.7;22.1801;20.7809;0
74;599;0.8541;0.8895;0.9242;53.5206;0.2;24.563;24.5244;0
86;600;0.5639;0.6892;0.7536;8.6473;-1.4;8.1072;8.222;0
106;601;0.729;0.786;0.8557;24.7149;4.6;12.0593;11.5304;0
117;602;0.8595;0.875;0.9276;73.3021;1.2;23.4933;23.2135;0
121;603;0.0174;0.069;0.2461;51.6115;0.1;10.0721;10.0622;0
128;604;0.804;0.8546;0.8967;17.5129;0.8;10.7059;10.6199;0
147;605;0.7254;0.7872;0.8573;287.1137;7.1;47.5708;44.4199;0
159;606;0.0117;0.423;0.7009;1.1079;48.7;2.1212;1.4263;0
167;607;0.6672;0.737;0.8284;9.3508;14;5.8049;5.0926;0
171;608;0.6939;0.7114;0.839;3.6208;12.3;2.8272;2.5178;0
176;609;0.6279;0.6522;0.7997;3.7856;19.2;2.1296;1.7865;0
186;610;0.7537;0.7895;0.871;12.2999;-5.6;7.7053;8.1623;0
190;611;0.6665;0.7181;0.819;2.8396;8.2;2.3969;2.2161;0
195;612;0.7198;0.7735;0.8491;12.5807;5.3;4.5162;4.2888;0
206;613;0.8011;0.8493;0.8956;200.4332;-2.8;34.6928;35.6891;0
216;614;0.7534;0.7833;0.8691;13.0926;-1.1;9.0123;9.1089;0
224;615;0.7387;0.7457;0.8665;25.761;11;9.6802;8.7237;0
233;616;0.746;0.7824;0.8648;43.994;2.6;15.3778;14.9886;0
239;617;0.6894;0.7255;0.8397;14.3553;14.3;6.7989;5.9499;0
249;618;;;;;;;;1
267;619;0.7465;0.7961;0.8674;16.1646;-6;9.3793;9.9814;0
273;620;0.6956;0.7213;0.8439;23.8154;-10;9.3793;10.419;0
287;621;0.6593;0.7016;0.8224;13.9572;13.8;6.8399;6.0101;0
297;622;0.6456;0.6798;0.8092;145.4012;-8.5;17.8016;19.4472;0
307;623;;;;;;;;1
310;624;0.6821;0.7456;0.828;5.2391;8.6;3.0185;2.7797;0
320;625;0.7236;0.789;0.8509;15.7944;2.3;6.3209;6.181;0
328;626;0.6753;0.7235;0.8228;12.6864;-1.7;8.0991;8.2398;0
339;627;0.5657;0.7041;0.7578;20.6931;4.7;7.5257;7.1867;0
358;628;;;;;;;;1
368;629;0.6549;0.744;0.8098;1.6482;1.4;3.2038;3.1595;0
385;630;0.7304;0.7194;0.8631;4.541;14.5;3.3764;2.9477;0
386;631;0.6603;0.6462;0.8378;3.8821;26.6;3.2839;2.5942;0
404;632;0.6609;0.7275;0.813;15.1713;-0.4;8.3079;8.3371;0
412;633;0.4158;0.5079;0.6505;3.9074;6.2;3.7746;3.5536;0
433;634;0.3791;0.4724;0.6183;0.2382;4.4;0.7699;0.7375;0
438;635;0.287;0.2932;0.5424;1.7681;2.6;1.7074;1.6645;0
448;636;0.2922;0.3741;0.5567;6.3444;10.6;4.148;3.7515;0
451;637;0.1963;0.2076;0.4569;5.4178;14.5;2.2738;1.9867;0
460;638;0.2525;0.2418;0.523;4.2944;11;2.4926;2.246;0
467;639;0.1866;0.1751;0.4448;6.805;26.5;1.4651;1.1581;0
474;640;0.7751;0.8379;0.8806;10.9716;1.4;9.2168;9.0886;0
494;641;0.6953;0.7462;0.8344;33.8421;1.2;14.4207;14.2507;0
518;642;0.4659;0.5208;0.6866;32.3993;7.7;6.7766;6.2907;0
527;643;0.6016;0.7071;0.7957;30.0886;11.5;14.7002;13.1783;0
533;644;0.9031;0.921;0.9505;45.514;1.3;20.8489;20.5779;0
544;645;0.6134;0.695;0.814;45.0332;13.3;20.367;17.9788;0
553;646;;;;;;;;1
556;647;0.4638;0.5542;0.6814;4.1398;1.4;4.4416;4.3799;0
562;648;0.4306;0.5045;0.6613;0.2747;3.3;1.7365;1.6815;0
567;649;0.6495;0.6987;0.8122;85.283;9;18.1861;16.6873;0
578;650;0.5232;0.5985;0.7274;8.5035;5.8;5.8287;5.511;0
587;651;0.4207;0.5369;0.652;1.6295;2.3;3.7052;3.6207;0
592;652;;;;;;;;1
607;653;0.4703;0.4916;0.6929;12.9637;0.7;8.7312;8.6663;0
619;654;0.7794;0.8281;0.8829;347.9756;0;46.9905;47.0082;0
632;655;0.7365;0.659;0.8805;89.4698;29.4;15.9777;12.3514;0
643;656;0.7192;0.7774;0.8555;67.5672;10.1;19.0209;17.2759;0
648;657;0.4278;0.722;0.7599;5.129;13.5;8.3025;7.3161;0
653;658;0.8118;0.8294;0.9039;40.5815;5.8;17.26;16.3154;0
660;659;;;;;;;;1
667;660;0.7652;0.8097;0.8767;107.0888;4.5;27.8042;26.6176;0
676;661;0.5317;0.3558;0.8125;20.1788;51.5;6.28;4.1445;0
683;662;0.5151;0.5796;0.8477;36.2589;35.2;14.9738;11.0773;0
694;663;0.6799;0.709;0.8361;44.5616;10.3;16.2053;14.6968;0
701;664;0.6005;0.6068;0.82;18.5627;30.9;7.7266;5.9036;0
716;665;;;;;;;;1
742;666;-7.1929;-2.3428;0.7528;2.0025;333.2;1.7758;0.4099;0
747;667;0.5554;0.6602;0.756;1.0514;9;2.3056;2.1147;0
757;668;0.6979;0.7971;0.8498;2.2765;9.1;4.8551;4.4483;0
760;669;0.706;0.752;0.8481;5.4604;14.9;3.7322;3.2474;0
761;670;0.5317;0.7003;0.7832;3.0434;15.4;5.2582;4.5577;0
780;671;0.7648;0.7637;0.8822;14.0874;15.3;6.6666;5.784;0
783;672;0.5526;0.5435;0.8159;2.9486;37.9;3.142;2.2789;0
803;673;0.8299;0.8144;0.932;24.36;15.9;17.1407;14.7846;0
808;674;0.8066;0.8711;0.8989;94.7439;2.5;25.3825;24.765;0
820;675;0.8451;0.873;0.9195;107.4916;1.8;20.738;20.3759;0
827;676;0.7484;0.7151;0.8803;89.5481;14.2;19.8737;17.4062;0
833;677;0.7215;0.7375;0.853;67.8705;11.8;10.2913;9.2082;0
862;678;0.4645;0.6007;0.6904;10.4846;9;4.3456;3.9862;0
869;679;0.4623;0.5154;0.7065;11.8616;21.3;5.0733;4.1811;0
874;680;0.3878;0.5293;0.6726;21.706;26.6;6.376;5.0365;0
878;681;0.6166;0.6394;0.7933;7.9552;13.4;3.7775;3.3321;0
9;682;0.7812;0.8696;0.9032;393.9305;7;72.0793;67.3866;0
29;683;0.748;0.7809;0.8694;503.3575;-8.1;43.0179;46.8138;0
38;684;0.7868;0.8378;0.8889;358.57;5.1;48.0559;45.7347;0
60;685;0.9023;0.9067;0.9505;94.5487;2.6;28.5575;27.838;0
82;686;0.3896;0.6671;0.6745;261.8585;-0.4;27.2728;27.3713;0
108;687;0.7239;0.8155;0.8525;129.4623;2.8;28.8844;28.089;0
120;688;0.2585;0.3427;0.5111;9.3141;0.7;7.1744;7.1216;0
160;689;-3.1443;-0.6131;0.6911;2.7158;157.3;2.4354;0.9465;0
179;690;0.6769;0.7041;0.829;16.6886;15.4;5.4394;4.7148;0
207;691;0.805;0.8585;0.8977;227.7143;-2.3;40.2255;41.1791;0
218;692;0.7167;0.7717;0.8468;38.8492;0.7;16.9148;16.8029;0
252;693;0.7934;0.8514;0.8916;503.2518;2.9;67.1521;65.2792;0
276;694;0.7124;0.7114;0.8638;125.6268;-12.9;23.1807;26.6016;0
300;695;0.7457;0.7875;0.864;290.2643;0.7;30.6985;30.4951;0
311;696;0.7551;0.8105;0.869;46.2933;-0.7;14.9051;15.0142;0
332;697;0.7251;0.7873;0.8519;41.6056;2.2;13.9299;13.6299;0
342;698;0.546;0.6945;0.7451;24.4544;3.2;8.3558;8.1001;0
370;699;-0.0043;0.4286;0.8277;3.3237;54.5;4.184;2.7086;0
387;700;0.6807;0.686;0.8335;35.6404;15.9;8.3481;7.1999;0
407;701;0.6516;0.7111;0.8077;15.1705;4.4;3.3459;3.2048;0
434;702;0.475;0.5293;0.6921;0.5616;3.9;1.1787;1.1344;0
440;703;0.3783;0.4607;0.6255;3.4365;9.5;3.0791;2.8117;0
452;704;0.3;0.3185;0.56;21.445;8;6.7531;6.2548;0
463;705;0.2954;0.3709;0.5891;9.3694;24.5;4.2096;3.3815;0
468;706;0.2341;0.252;0.5296;8.0239;43.9;2.0809;1.4461;0
481;707;0.7928;0.8857;0.9;55.3189;5.5;24.7142;23.424;0
497;708;0.7012;0.7597;0.8404;69.5686;4.6;24.3386;23.2691;0
519;709;0.5811;0.6586;0.7644;124.3869;6.2;16.7274;15.755;0
537;710;0.9077;0.9004;0.9553;126.784;6.5;40.9597;38.4439;0
547;711;0.7425;0.8355;0.8653;66.5573;4.1;25.4536;24.4554;0
557;712;0.6525;0.7297;0.8081;57.5385;-1.8;16.2024;16.4914;0
563;713;0.3651;0.5473;0.6317;0.7865;5.9;2.9162;2.7531;0
569;714;0.6761;0.7245;0.8254;163.6525;5.4;28.3814;26.9296;0
582;715;0.3069;0.4044;0.5685;41.4484;8.1;12.8241;11.8632;0
597;716;0.5085;0.5971;0.7179;14.5125;5.1;9.2627;8.8137;0
609;717;0.5498;0.6431;0.7498;18.1184;6;12.5416;11.8335;0
630;718;0.7442;0.7809;0.8699;3.2436;5.2;7.5431;7.1693;0
656;719;0.8326;0.8542;0.9143;77.0695;5.8;21.847;20.6457;0
668;720;0.8076;0.8326;0.9007;154.3413;4.3;36.5972;35.0942;0
677;721;0.5848;0.6567;0.7656;193.7197;2.6;28.6369;27.9149;0
684;722;0.7445;0.7966;0.8659;49.9419;4.6;22.7635;21.7604;0
688;723;0.4078;0.6895;0.7001;77.3965;6.9;22.2013;20.7724;0
702;724;0.6556;0.6996;0.8336;52.5211;19.8;14.7621;12.3212;0
717;725;0.7588;0.7806;0.8743;70.0989;6;18.1323;17.099;0
735;726;0.7974;0.8144;0.8973;50.9208;10;15.1096;13.7363;0
739;727;0.6053;0.7161;0.7856;1.687;6.2;3.5818;3.372;0
741;728;0.7095;0.7898;0.8511;5.9775;9.1;6.3697;5.8368;0
805;729;0.3624;0.4908;0.7734;740.3242;42.6;54.899;38.4983;0
821;730;0.6146;0.7141;0.8711;730.0673;20.4;65.2498;54.2131;0
829;731;0.736;0.7142;0.8782;224.2015;20.1;31.9468;26.6091;0
835;732;0.7713;0.7656;0.8821;151.1909;9;16.4061;15.0536;0
864;733;0.5985;0.6003;0.7826;35.1428;0.9;8.2496;8.1721;0
880;734;0.608;0.6483;0.799;50.7883;20.2;11.8276;9.8413;0
45;735;0.6809;0.7516;0.8867;752.7007;19.2;71.2214;59.7346;0
62;736;0.9015;0.9152;0.9498;115.7798;1.7;32.4611;31.9322;0
84;737;0.4664;0.6935;0.7096;258.0462;0.5;30.4267;30.2814;0
122;738;0.8272;0.8703;0.9116;157.1915;3.7;53.0852;51.214;0
162;739;-0.3068;0.3616;0.7966;9.9641;59.2;7.1808;4.5104;0
211;740;0.7932;0.8155;0.8918;585.3635;-1.9;63.9113;65.1555;0
225;741;0.7858;0.8287;0.887;78.4727;1.8;27.5199;27.0217;0
254;742;0.8106;0.8523;0.901;652.8384;2.4;82.7279;80.8171;0
280;743;0.7438;0.7617;0.8679;200.8611;-6;34.7219;36.9217;0
333;744;;;;;;;;1
371;745;0.7034;0.8191;0.8421;1.7581;-0.8;7.7886;7.8547;0
413;746;0.5846;0.6928;0.776;18.9164;17.3;3.7609;3.2069;0
442;747;0.3961;0.4568;0.6483;9.4215;14.4;4.7494;4.1529;0
456;748;0.3604;0.4463;0.6306;112.2182;16.8;17.7376;15.1819;0
464;749;0.184;0.1709;0.4645;17.9318;20.2;4.6366;3.8583;0
482;750;0.775;0.8088;0.8816;150.7571;2.8;35.5974;34.6377;0
538;751;0.8908;0.8835;0.9472;225.7583;6.4;56.1875;52.7873;0
571;752;0.6987;0.7255;0.8398;369.5376;5.1;42.1612;40.1076;0
584;753;0.4667;0.5607;0.684;30.7435;1.8;13.6449;13.3977;0
620;754;0.8156;0.8615;0.9041;447.2234;3.7;58.646;56.5418;0
636;755;0.6076;0.7753;0.793;839.3087;4.2;74.1157;71.0976;0
657;756;0.8614;0.8769;0.9299;195.8259;5.2;42.0406;39.9798;0
669;757;0.8169;0.8504;0.9067;181.3037;5.9;40.5432;38.2725;0
685;758;0.4428;0.6601;0.7754;257.602;-17.7;39.6235;48.1353;0
689;759;0.5487;0.7359;0.7575;68.9761;3.5;24.1292;23.3088;0
723;760;0.7341;0.8186;0.8624;191.2846;6.8;37.364;34.9706;0
736;761;0.7576;0.7619;0.8893;35.6125;20.8;7.8711;6.5146;0
806;762;0.7299;0.7912;0.8612;1572.3059;7.4;120.9415;112.6306;0
836;763;0.7722;0.763;0.8843;164.4265;15.7;19.3028;16.6822;0
853;764;0.6615;0.6619;0.825;42.433;18;9.431;7.9956;0
865;765;0.536;0.5893;0.7618;35.4012;25.3;9.0612;7.2306;0
1;766;0.7542;0.7641;0.9118;3056.0464;20;186.1566;155.1821;0
46;767;0.7389;0.8497;0.8823;840.7379;8.1;84.6497;78.2982;0
87;768;0.6657;0.7779;0.8178;268.8887;0.3;45.4244;45.3111;0
129;769;0.8575;0.8841;0.9277;368.3521;3.2;89.2643;86.5101;0
227;770;0.7948;0.8493;0.8926;108.5861;3;34.1875;33.1858;0
263;771;0.7959;0.8219;0.8933;2580.8879;-2;161.3335;164.5642;0
364;772;-1.4943;-0.3151;0.7782;132.5829;129;18.7076;8.1675;0
414;773;0.5145;0.4627;0.7644;20.37;48;3.8709;2.6162;0
443;774;0.4144;0.393;0.667;17.6032;0.1;5.573;5.5686;0
484;775;0.7558;0.8064;0.8703;264.8818;2.8;45.9598;44.6898;0
540;776;0.8767;0.8738;0.9412;286.6428;7.8;61.7691;57.2988;0
598;777;0.4749;0.6044;0.7031;104.3187;6.7;29.6979;27.8344;0
637;778;0.6743;0.7965;0.8324;785.4411;6.9;86.4312;80.824;0
658;779;0.8657;0.8822;0.9323;245.5751;4.7;54.4354;51.9755;0
686;780;0.2852;0.6514;0.7285;256.7646;21.7;45.7809;37.6192;0
690;781;0.6329;0.7561;0.7984;85.4654;0.8;32.2976;32.0361;0
721;782;0.4439;0.7283;0.7649;338.2884;4.8;53.4461;51.0187;0
749;783;0.6665;0.301;0.9049;92.05;67.7;15.9319;9.4986;0
840;784;0.7649;0.7793;0.8812;727.9889;11.5;56.2337;50.436;0
855;785;0.2029;0.4447;0.7048;56.8662;46.6;10.8138;7.3755;0
870;786;0.5774;0.5817;0.779;92.3148;13.7;16.4973;14.5113;0
13;787;0.7936;0.813;0.918;5136.5991;15;268.5639;233.596;0
53;788;0.8294;0.8621;0.9308;1069.3911;11.6;126.5734;113.4073;0
135;789;0.83;0.8576;0.9119;1174.8805;2;140.2833;137.5797;0
228;790;0.8176;0.8337;0.9053;973.1262;-1.3;107.8194;109.2257;0
281;791;0.8044;0.8155;0.9003;3764.0669;-4.1;196.7467;205.0722;0
389;792;0.4963;0.6119;0.7279;67.797;20.4;11.1415;9.2559;0
422;793;0.5884;0.6806;0.8149;24.3154;-21.8;7.5138;9.6026;0
444;794;0.5227;0.5749;0.7438;35.1916;19.4;9.1399;7.6519;0
487;795;0.8037;0.8355;0.8975;322.1591;2.5;58.6925;57.2513;0
541;796;0.8805;0.8804;0.9396;322.7283;2.3;67.0323;65.5338;0
638;797;0.6941;0.7821;0.842;841.3485;7.5;89.1168;82.8975;0
678;798;0.6919;0.6971;0.8369;709.4024;-0.2;62.4238;62.5611;0
691;799;0.683;0.8234;0.834;116.4237;-1.3;48.0306;48.6778;0
722;800;0.5811;0.7516;0.7738;220.2838;3.4;19.8489;19.1966;0
744;801;0.7037;0.439;0.9161;111.5174;53.8;20.2264;13.1496;0
844;802;0.7348;0.7611;0.8657;907.5186;12.9;61.4823;54.4694;0
63;803;0.8615;0.8497;0.949;1791.646;13.9;169.396;148.7644;0
137;804;0.8396;0.8528;0.9183;1737.8351;2.9;178.615;173.6453;0
234;805;0.8258;0.8381;0.9109;1334.6926;-3;129.5552;133.5753;0
423;806;0.6653;0.8036;0.8214;20.6456;0;10.8272;10.8221;0
499;807;0.7784;0.8068;0.8836;1116.5122;2;111.748;109.5323;0
548;808;0.7915;0.8506;0.8969;1095.7208;7.6;113.703;105.6858;0
639;809;0.7399;0.8135;0.8604;1026.0742;0.5;115.3704;114.7822;0
679;810;0.6249;0.7115;0.7907;381.0361;-1.8;23.2366;23.6588;0
737;811;0.7858;0.7152;0.9169;157.2093;22.3;33.0632;27.0417;0
848;812;0.7025;0.7357;0.8486;1183.0521;14.2;66.9281;58.5828;0
856;813;0.4716;0.6118;0.7217;65.0602;22.1;11.3761;9.3179;0
64;814;0.796;0.7681;0.9462;2817.9351;21.7;193.1594;158.7372;0
149;815;0.8225;0.8292;0.9113;3628.4836;4.5;245.5855;235.0838;0
426;816;0.1047;0.4661;0.8323;25.9609;34.2;11.4646;8.5402;0
501;817;0.7797;0.8191;0.8856;1108.3832;3.9;122.8686;118.2907;0
558;818;0.8041;0.8651;0.8993;1302.3969;4.1;131.0781;125.8567;0
680;819;0.7319;0.8621;0.8698;1153.8468;4.3;167.9553;161.0116;0
738;820;0.8123;0.8346;0.915;199.896;12.1;47.6202;42.4839;0
849;821;0.8696;0.7365;0.9581;747.6926;21.9;82.7845;67.8863;0
857;822;0.3937;0.4247;0.7498;85.4183;48.2;14.8037;9.9864;0
66;823;0.7894;0.7514;0.9511;3223.3467;23.9;208.7157;168.4545;0
503;824;0.8051;0.8417;0.8992;986.0286;3.4;122.3638;118.2858;0
602;825;;;;;;;;1
610;826;0.8451;0.8732;0.9271;913.3049;7.2;137.2944;128.0945;0
681;827;0.7693;0.8843;0.8871;1028.0066;2.5;178.4964;174.1828;0
728;828;0.8291;0.8212;0.9141;3939.24;2.5;260.0069;253.7076;0
881;829;0.475;0.4767;0.8138;577.8657;45.4;45.9499;31.5934;0
77;830;0.7741;0.7506;0.9519;5019.0942;24.3;270.8799;217.862;0
393;831;0.7295;0.6452;0.9082;418.8889;28.3;52.0452;40.5794;0
504;832;0.7754;0.833;0.8815;1104.3699;2.3;126.8911;124.0375;0
611;833;0.8454;0.8605;0.9244;1395.9943;5.1;177.2535;168.5994;0
88;834;0.8105;0.7977;0.9505;5875.8506;19.6;322.3437;269.4868;0
394;835;0.6947;0.7116;0.8751;2739.8577;24.9;124.4345;99.6344;0
521;836;0.7445;0.7982;0.8666;2010.5377;4.7;159.4607;152.3687;0
612;837;0.851;0.8884;0.9334;1997.8623;8;217.806;201.5961;0
96;838;0.8193;0.8112;0.9498;6438.8252;18.1;352.9215;298.878;0
397;839;0.6654;0.7082;0.8511;3108.9749;22.3;126.8298;103.6811;0
613;840;0.8462;0.8776;0.9236;4252.6709;4.2;337.7982;324.0965;0
614;841;0.8421;0.8711;0.9219;4647.3413;4.4;357.4541;342.4725;0
710;842;0.7678;0.7753;0.948;8049.7388;21.8;370.9197;304.4092;0
615;843;0.8647;0.8765;0.9347;7701.3965;4.7;479.2487;457.6357;0
711;844;0.7826;0.7918;0.9468;7872.1953;20;382.4433;318.5707;0
616;845;0.8626;0.8926;0.9404;8297.9473;7.7;504.6665;468.5624;0
712;846;0.7766;0.7978;0.9464;8832.8281;19.3;423.3411;354.9283;0
617;847;0.8626;0.8922;0.9391;12732.0479;6.6;687.7322;645.4222;0
713;848;0.8097;0.8334;0.9436;7848.541;15.2;435.8864;378.2981;0
173;849;0.8303;0.8628;0.9439;21436.9922;12.1;808.9933;721.827;0
714;850;0.838;0.8709;0.9381;21344.4512;10;815.8353;741.4045;0
187;851;0.8034;0.861;0.9425;65391.4023;12;1562.6366;1394.8887;0
314;852;0.8653;0.8897;0.9475;88403.2188;7.9;2002.3794;1856.611;0
323;853;0.8665;0.8874;0.9469;90113.1406;7.6;2013.9218;1871.564;0
351;854;0.8411;0.8723;0.9447;114272.3125;9.7;2168.5908;1976.3986;0
372;855;0.8157;0.8486;0.9403;138891.8281;11.4;2205.2087;1978.8073;0
373;856;0.8537;0.8721;0.9466;104260.1875;9;2086.1819;1913.0541;0
375;857;0.2777;0.2232;0.604;2.7166;15.7;2.1583;1.8656;0
376;858;0.3053;0.2937;0.6996;1.7385;31.9;2.265;1.7171;0
399;859;0.8931;0.8876;0.9682;82896.5312;7.8;2503.8711;2322.3477;0
