ID;start_ID;end_ID
1;RL26003499;RL26007522
2;RL26006333;RL26006574
3;RL26009290;RL26006800
4;RL26009360;RL26006781
5;RL26006373;RL26006921
6;RL26007281;RL26007218
7;RL26009290;RL26007117
8;RL26006649;RL26007210
9;RL26009290;RL26007510
10;RL26007469;RL26007354
11;RL26007330;RL26007551
12;RL26007330;RL26007551
13;RL26003499;RL26008222
14;RL26007594;RL26007893
15;RL26008070;RL26008069
16;RL26007594;RL26008131
17;RL26007740;RL26007800
18;RL26007649;RL26008065
19;RL26007594;RL26008131
20;RL26009372;RL26007472
21;RL26009372;RL26007688
22;RL26009372;RL26007752
23;RL26007797;RL26007780
24;RL26007677;RL26007861
25;RL26008178;RL26008152
26;RL26009402;RL26008119
27;RL26009402;RL26008229
28;RL26008531;RL26008354
29;RL26009372;RL26008195
30;RL26008350;RL26008333
32;RL26008606;RL26008426
33;RL35047398;RL35047873
34;RL35047534;RL35048098
35;RL35047534;RL35048602
36;RL35050001;RL35050559
37;RL35050012;RL35050857
38;RL35047534;RL35052639
39;RL35052211;RL35053340
40;RL35050792;RL35051009
41;RL35050207;RL35051008
42;RL35050733;RL35050577
43;RL35050834;RL35051396
44;RL35043974;RL35044291
45;RL35041386;RL35044321
46;RL35041386;RL35046009
47;RL35043638;RL35043891
48;RL35045036;RL35046549
49;RL35043643;RL35044608
50;RL35043643;RL35046037
51;RL35043643;RL35047039
52;RL35050730;RL35049706
53;RL35041386;RL35048167
54;RL35043875;RL35045814
55;RL35043547;RL35043547
56;RL35150906;RL35043474
57;RL35042948;RL35043641
58;RL35150906;RL35045562
59;RL35046107;RL35046785
60;RL35150906;RL35047256
61;RL35047481;RL35047969
62;RL35150906;RL35048408
63;RL35041386;RL35048914
64;RL35041386;RL35049660
65;RL35046752;RL35048358
66;RL35041386;RL35049152
67;RL35045029;RL35045403
68;RL35044772;RL35045402
69;RL35046972;RL35045768
70;RL35044887;RL35046215
71;RL35044887;RL35046535
72;RL35047141;RL35046591
73;RL35044998;RL35046021
74;RL35044887;RL35049355
75;RL35047475;RL35049740
76;RL35049029;RL35049921
77;RL35041386;RL35051364
78;RL35046508;RL35047407
79;RL35045086;RL35045362
80;RL35045086;RL35047297
81;RL35046531;RL35047288
82;RL35045086;RL35047743
83;RL35048416;RL35048217
84;RL35045086;RL35048792
85;RL35047553;RL35048296
86;RL35047553;RL35048793
87;RL35045086;RL35050636
88;RL35041386;RL35051905
89;RL35052476;RL35052626
90;RL35053303;RL35052965
91;RL35054945;RL35052186
92;RL35051991;RL35052077
93;RL35050066;RL35051863
94;RL35049894;RL35051913
95;RL35049894;RL35052791
96;RL35041386;RL35053251
97;RL35052653;RL35053081
98;RL35052683;RL35053530
99;RL35053961;RL35054179
100;RL35054007;RL35054140
101;RL35055167;RL35055167
102;RL35055147;RL35054769
103;RL35050380;RL35052388
104;RL35050328;RL35052072
105;RL35050328;RL35053191
106;RL35050328;RL35053312
107;RL35051613;RL35053313
108;RL35050328;RL35054991
109;RL35054006;RL35054587
110;RL35054006;RL35055012
111;RL35046483;RL35048983
112;RL35047034;RL35047034
113;RL35047034;RL35048984
114;RL35047452;RL35048951
115;RL35047597;RL35049225
116;RL35049835;RL35049898
117;RL35046404;RL35049745
118;RL35047264;RL35049256
119;RL35050345;RL35050200
120;RL35047165;RL35049530
121;RL35047453;RL35049912
122;RL35046404;RL35049945
123;RL35046966;RL35047947
124;RL35046966;RL35049897
125;RL35046137;RL35047855
126;RL35046137;RL35049351
127;RL35045915;RL35046690
128;RL35045915;RL35048104
129;RL35046404;RL35050365
130;RL35047143;RL35049316
131;RL35053227;RL35054240
132;RL35053890;RL35054032
133;RL35053227;RL35054329
134;RL35053765;RL35054332
135;RL35046404;RL35054531
136;RL35053196;RL35055966
137;RL35046404;RL35056732
138;RL35056787;RL35056750
139;RL35055996;RL35056413
140;RL35057570;RL35057255
141;RL35057570;RL35056901
142;RL35050583;RL35051052
143;RL35052153;RL35052140
144;RL35052832;RL35052167
145;RL35053195;RL35054126
147;RL35050583;RL35056780
148;RL35114088;RL35057771
149;RL35046404;RL35057586
150;RL35114175;RL35114055
151;RL35114175;RL35114037
152;RL35057474;RL35113970
153;RL35151003;RL35150411
154;RL35057474;RL35114399
155;RL35114426;RL35114426
156;RL35114426;RL35114071
157;RL35057724;RL35057799
158;RL35057724;RL35057868
159;RL35114426;RL35114237
160;RL35114426;RL35114558
161;RL35151012;RL35114559
162;RL35114426;RL35115277
163;RL35114573;RL35114642
164;RL35114520;RL35114935
165;RL35114573;RL35115195
166;RL35114599;RL35115252
167;RL35114573;RL35115455
168;RL35122898;RL35115109
169;RL35122747;RL35114645
170;RL35122747;RL35115089
171;RL35122898;RL35115423
172;RL35123807;RL35115592
173;RL35041386;RL35116363
174;RL35124183;RL35124183
175;RL35124183;RL35124356
176;RL35124183;RL35124949
177;RL35124546;RL35124795
178;RL35125387;RL35125022
179;RL35124183;RL35116335
180;RL35126727;RL35126045
181;RL35126717;RL35126457
182;RL35126717;RL35125495
183;RL35127234;RL35126860
184;RL35127234;RL35126491
185;RL35126445;RL35126240
186;RL35127234;RL35126127
187;RL35114198;RL35125033
188;RL35123092;RL35123596
189;RL35123092;RL35123764
190;RL35123092;RL35123676
191;RL35124406;RL35124406
192;RL35124389;RL35124450
193;RL35124406;RL35124421
194;RL35125206;RL35124812
195;RL35124406;RL35124944
196;RL35126211;RL35125752
197;RL35125970;RL35125970
198;RL35126211;RL35124840
199;RL35125344;RL35124947
200;RL35081810;RL35080856
201;RL35081744;RL35081027
202;RL35081452;RL35081296
203;RL35079898;RL35080171
204;RL35081810;RL35080306
205;RL35079840;RL35079810
206;RL35081810;RL35080955
207;RL35081810;RL35082006
208;RL35056634;RL35082072
209;RL35056634;RL35082086
210;RL35083229;RL35082544
211;RL35081810;RL35083465
212;RL35083781;RL35083518
213;RL35057469;RL35057216
214;RL35056652;RL35056740
215;RL35056652;RL35056861
216;RL35056652;RL35056699
217;RL35083291;RL35083147
218;RL35056652;RL35085481
219;RL35057269;RL35113929
220;RL35114411;RL35114109
221;RL35057269;RL35121857
222;RL35057324;RL35057884
223;RL35057324;RL35057884
224;RL35057269;RL35121881
225;RL35056652;RL35121829
226;RL35083900;RL35085687
227;RL35056652;RL35122546
228;RL35081810;RL35122582
229;RL35122719;RL35122633
230;RL35082232;RL35084373
231;RL35082232;RL35085490
232;RL35084654;RL35122181
233;RL35082232;RL35122643
234;RL35081810;RL35123093
235;RL35085721;RL35085722
236;RL35084598;RL35085249
237;RL35084598;RL35122506
238;RL35122063;RL35122539
239;RL35084598;RL35123866
240;RL35123170;RL35123864
241;RL35125713;RL35124821
242;RL35125868;RL35125011
243;RL35125713;RL35124306
244;RL35049578;RL35051515
245;RL35075767;RL35077366
246;RL35075888;RL35077352
247;RL35076222;RL35077049
248;RL35049578;RL35077684
249;RL35049578;RL35079493
250;RL35076692;RL35079490
251;RL35078045;RL35079905
252;RL35049578;RL35080308
253;RL35079004;RL35080136
254;RL35049578;RL35080640
255;RL35079980;RL35081215
256;RL35084884;RL35083390
257;RL35083386;RL35082353
258;RL35084884;RL35082181
259;RL35082206;RL35082697
260;RL35085068;RL35084733
261;RL35085629;RL35085439
262;RL35082858;RL35085088
263;RL35049578;RL35122331
264;RL35151025;RL35081657
265;RL35082199;RL35082019
266;RL35081392;RL35082020
267;RL35081392;RL35083176
268;RL35081539;RL35082105
269;RL35082172;RL35082435
270;RL35081539;RL35082691
271;RL35082149;RL35082149
272;RL35083004;RL35082903
273;RL35081539;RL35083104
274;RL35083359;RL35083359
275;RL35083421;RL35083575
276;RL35081539;RL35084336
277;RL35083600;RL35084644
278;RL35082799;RL35085050
279;RL35085080;RL35085240
280;RL35081539;RL35122386
281;RL35049578;RL35122351
282;RL35122009;RL35122396
283;RL35126365;RL35126012
284;RL35126365;RL35125646
285;RL35126327;RL35125955
286;RL35126327;RL35124803
287;RL35126327;RL35124625
288;RL35122576;RL35123700
289;RL35125818;RL35125386
290;RL35126074;RL35125564
291;RL35125818;RL35123770
292;RL35124810;RL35123738
293;RL35125238;RL35123928
294;RL35083743;RL35085055
295;RL35084334;RL35085003
296;RL35083743;RL35084589
297;RL35083743;RL35085241
298;RL35085133;RL35121791
299;RL35121902;RL35122604
300;RL35083743;RL35123067
301;RL35084459;RL35084663
302;RL35084938;RL35085023
303;RL35085277;RL35085288
304;RL35084459;RL35121804
305;RL35085631;RL35121817
306;RL35121930;RL35122109
307;RL35084459;RL35122450
308;RL35122236;RL35122285
309;RL35121733;RL35122700
310;RL35121733;RL35123270
311;RL35084459;RL35123658
312;RL35124785;RL35124785
313;RL35125258;RL35124418
314;RL35114198;RL35124213
315;RL35122432;RL35123407
316;RL35122683;RL35123268
317;RL35122683;RL35124127
318;RL35121694;RL35122104
319;RL35122033;RL35122535
320;RL35122033;RL35123597
321;RL35123604;RL35123970
322;RL35125071;RL35125278
323;RL35114198;RL35125456
324;RL35124527;RL35125574
325;RL35085464;RL35121866
326;RL35084756;RL35085293
327;RL35084756;RL35121748
328;RL35084756;RL35122853
329;RL35122267;RL35122567
330;RL35121950;RL35122791
331;RL35121950;RL35122861
332;RL35084756;RL35123648
333;RL35084756;RL35125299
334;RL35126170;RL35126228
335;RL35126416;RL35126655
336;RL35126416;RL35126687
337;RL35125992;RL35126162
338;RL35125992;RL35126482
339;RL35126416;RL35126926
340;RL35127062;RL35127111
341;RL35127062;RL35126904
342;RL35126416;RL35126441
343;RL35125624;RL35125893
344;RL35124008;RL35124189
345;RL35124008;RL35124923
346;RL35123296;RL35124860
347;RL35124591;RL35124818
348;RL35125414;RL35125414
349;RL35127027;RL35126632
350;RL35126829;RL35126167
351;RL35114198;RL35125412
352;RL35125010;RL35125098
354;RL35124614;RL35124614
355;RL35124068;RL35124500
356;RL35123641;RL35123295
357;RL35123641;RL35122910
358;RL35123641;RL35122875
359;RL35122949;RL35122505
360;RL35122949;RL35122217
361;RL35123536;RL35123387
363;RL35123719;RL35123728
364;RL35122949;RL35123990
366;RL35085112;RL35121643
367;RL35085112;RL35121689
368;RL35085112;RL35121755
370;RL35085112;RL35122370
371;RL35085112;RL35123721
372;RL35114198;RL35123908
373;RL35114198;RL35124338
374;RL35126319;RL35126022
375;RL35126319;RL35124952
376;RL35126319;RL35124569
377;RL27004426;RL27004434
378;RL27004432;RL27004633
379;RL27030140;RL27004965
380;RL27005105;RL27004867
381;RL27030140;RL27004631
382;RL27029746;RL27004922
383;RL35127114;RL35127321
384;RL35129030;RL35128181
385;RL35127114;RL35128377
386;RL35130393;RL35128464
387;RL35127114;RL35128009
388;RL35127436;RL35127950
389;RL35127114;RL35128182
390;RL35127574;RL35127320
391;RL35127574;RL35127389
392;RL35127892;RL35127617
393;RL35127114;RL35127744
394;RL35127114;RL35127171
395;RL35151181;RL35126982
396;RL35151181;RL35127116
397;RL35127114;RL35125921
398;RL35126406;RL35126207
399;RL35114198;RL35124443
401;RL35121936;RL35084862
402;RL35084558;RL35084323
403;RL35121936;RL35084326
404;RL35121936;RL35082917
405;RL35084664;RL35083987
406;RL35084664;RL35083764
407;RL35121936;RL35084249
408;RL35081314;RL35081752
409;RL35081522;RL35081866
410;RL35081522;RL35082688
411;RL35082341;RL35082871
412;RL35081522;RL35084034
413;RL35121936;RL35085200
414;RL35121936;RL35085691
415;RL35084840;RL35085222
416;RL35084783;RL35085338
422;RL35121936;RL35122492
423;RL35121936;RL35123587
426;RL35121936;RL35122882
428;RL35081845;RL35081420
429;RL35081845;RL35080230
430;RL35083114;RL35081425
431;RL35084278;RL35085124
432;RL35084278;RL35085152
433;RL35084278;RL35085585
434;RL35084278;RL35121961
435;RL35082355;RL35082355
436;RL35077933;RL35076687
437;RL35077933;RL35076635
438;RL35077933;RL35075885
439;RL35078177;RL35075808
440;RL35077933;RL35075402
441;RL35075985;RL35074858
442;RL35077933;RL35074225
443;RL35077933;RL35073200
444;RL35077933;RL35073019
445;RL35079160;RL35079018
446;RL35079160;RL35079018
447;RL35079879;RL35077858
448;RL35079160;RL35076775
449;RL35078692;RL35077963
450;RL35077883;RL35077748
451;RL35077883;RL35076006
452;RL35079160;RL35074361
453;RL35081357;RL35080708
454;RL35081357;RL35077353
455;RL35076855;RL35074813
456;RL35081357;RL35073824
457;RL35080727;RL35079465
458;RL35080727;RL35077709
459;RL35079993;RL35077615
460;RL35080727;RL35076798
461;RL35080042;RL35078667
462;RL35080042;RL35077027
463;RL35080727;RL35076794
464;RL35080727;RL35075137
465;RL35077794;RL35076316
466;RL35077794;RL35075544
467;RL35077794;RL35074791
468;RL35077794;RL35074595
469;RL35080951;RL35080792
470;RL35080951;RL35079675
471;RL35047567;RL35073724
472;RL35048362;RL35073828
473;RL35048362;RL35073637
474;RL35048362;RL35074156
475;RL35075113;RL35074224
476;RL35075958;RL35074729
477;RL35075829;RL35074788
478;RL35076207;RL35074839
479;RL35075113;RL35074347
480;RL35072552;RL35073517
481;RL35048362;RL35073461
482;RL35048362;RL35074188
483;RL35075773;RL35074627
484;RL35048362;RL35075490
485;RL35077411;RL35077315
486;RL35077411;RL35075774
487;RL35048362;RL35075336
488;RL35074002;RL35074974
489;RL35077531;RL35076238
490;RL35077901;RL35078290
491;RL35079220;RL35078474
492;RL35083494;RL35083308
493;RL35083494;RL35082319
494;RL35083494;RL35080527
495;RL35079056;RL35079762
496;RL35081936;RL35079699
497;RL35083494;RL35079165
498;RL35080836;RL35079177
499;RL35048362;RL35078851
500;RL35075989;RL35075848
501;RL35048362;RL35075498
503;RL35048362;RL35074501
504;RL35048362;RL35072279
505;RL35074459;RL35073894
506;RL35075112;RL35073661
507;RL35073660;RL35072867
508;RL35074221;RL35072524
509;RL35070452;RL35070150
510;RL35070689;RL35070428
511;RL35069579;RL35069668
512;RL35069579;RL35070031
513;RL35072084;RL35071172
514;RL35072101;RL35071327
515;RL35072084;RL35071421
516;RL35072633;RL35071541
517;RL35070832;RL35071483
518;RL35072084;RL35071288
519;RL35072084;RL35070873
520;RL35073441;RL35070810
521;RL35048362;RL35070319
523;RL35072530;RL35070641
524;RL35041985;RL35042701
525;RL35043790;RL35043049
526;RL35041985;RL35042746
527;RL35041985;RL35043496
528;RL35045102;RL35045339
529;RL35046408;RL35045340
530;RL35045102;RL35045044
531;RL35047089;RL35047024
532;RL35047089;RL35046922
533;RL35047089;RL35044827
534;RL35045183;RL35044274
535;RL35046400;RL35045557
536;RL35046035;RL35045624
537;RL35045183;RL35043533
538;RL35045183;RL35043492
539;RL35044549;RL35043879
540;RL35045183;RL35042851
541;RL35045183;RL35043651
542;RL35045124;RL35045779
543;RL35045124;RL35044031
544;RL35045124;RL35044588
545;RL35045654;RL35045215
546;RL35044786;RL35044562
547;RL35045124;RL35044032
548;RL35045183;RL35043642
549;RL35046545;RL35072844
550;RL35046545;RL35071420
551;RL35045872;RL35045793
552;RL35046110;RL35072302
553;RL35046110;RL35071601
554;RL35070934;RL35070747
555;RL35070934;RL35069877
556;RL35070934;RL35070234
557;RL35046110;RL35070233
558;RL35045183;RL35069733
559;RL35042674;RL35069170
560;RL35069147;RL35069709
561;RL35069147;RL35069297
562;RL35069147;RL35069040
563;RL35069147;RL35068356
564;RL35069315;RL35068575
565;RL35042257;RL35042487
566;RL35042257;RL35042292
567;RL35042257;RL35042078
568;RL35042599;RL35042071
569;RL35042257;RL35067657
570;RL35065716;RL35067030
571;RL35042257;RL35067513
572;RL35066269;RL35066951
573;RL35066247;RL35066925
574;RL35066247;RL35067535
575;RL35071475;RL35070135
576;RL35071475;RL35070567
577;RL35071638;RL35071012
578;RL35071475;RL35070970
579;RL35072869;RL35072472
580;RL35074302;RL35073275
581;RL35072869;RL35071679
582;RL35071475;RL35071469
583;RL35072705;RL35071038
584;RL35071475;RL35069998
585;RL35073692;RL35073186
586;RL35073692;RL35072116
587;RL35073692;RL35070137
588;RL35068846;RL35069534
589;RL35070584;RL35070722
590;RL35068846;RL35069957
591;RL35068659;RL35068857
592;RL35068846;RL35068570
593;RL35067908;RL35068073
594;RL35067888;RL35068088
595;RL35068085;RL35068085
596;RL35068290;RL35068086
597;RL35068846;RL35068163
598;RL35071475;RL35068203
599;RL35069918;RL35069075
600;RL35067310;RL35068142
601;RL35070782;RL35070072
602;RL35045183;RL35068838
603;RL35073663;RL35072507
604;RL35071923;RL35072156
605;RL35073663;RL35071709
606;RL35072268;RL35071136
607;RL35073663;RL35070497
608;RL35070429;RL35069883
609;RL35073663;RL35069078
610;RL35114198;RL35115712
611;RL35114198;RL35116732
612;RL35114198;RL35117285
613;RL35114198;RL35117616
614;RL35114198;RL35118293
615;RL35114198;RL35118931
616;RL35114198;RL35118252
617;RL35114198;RL35117303
618;RL35049330;RL35052967
619;RL35049330;RL35055576
620;RL35049330;RL35115704
621;RL35049241;RL35051446
622;RL35049936;RL35051447
623;RL35049330;RL35051445
624;RL35050923;RL35052613
625;RL35053617;RL35053451
626;RL35114276;RL35115698
627;RL35056588;RL35114068
628;RL35056588;RL35115783
629;RL35150902;RL35116317
630;RL35117495;RL35116536
631;RL35120140;RL35119035
632;RL35120140;RL35117777
633;RL35118524;RL35117780
634;RL35114837;RL35117146
635;RL35114333;RL35116391
636;RL35047534;RL35055179
637;RL35047534;RL35113967
638;RL35047534;RL35115437
639;RL35047534;RL35115856
640;RL35052211;RL35053652
641;RL35053053;RL35053945
642;RL35053053;RL35056512
643;RL35053053;RL35114306
644;RL35054415;RL35055803
645;RL35055272;RL35056532
646;RL35114409;RL35115272
647;RL35114409;RL35116674
648;RL35114409;RL35117409
649;RL35116533;RL35117894
650;RL35115948;RL35117190
651;RL35120665;RL35119802
652;RL35120665;RL35118434
653;RL35120665;RL35118888
654;RL35120379;RL35118950
655;RL35120360;RL35118983
656;RL35121424;RL35120890
657;RL35121424;RL35120016
658;RL35121424;RL35119459
659;RL35121424;RL35121377
660;RL35121424;RL35121155
661;RL35121626;RL35121452
662;RL35121597;RL35121004
663;RL35120806;RL35120483
664;RL35120806;RL35120666
665;RL35121210;RL35120782
666;RL35121210;RL35120141
667;RL35119790;RL35119846
668;RL35119790;RL35119823
669;RL35119790;RL35119933
670;RL35119790;RL35119027
671;RL35119790;RL35119312
672;RL35119597;RL35119782
673;RL35120517;RL35120383
674;RL35117045;RL35118356
675;RL35050733;RL35051939
676;RL35050733;RL35053461
677;RL35050733;RL35056523
678;RL35050733;RL35114557
679;RL35050733;RL35115926
680;RL35050733;RL35116526
681;RL35050733;RL35117822
682;RL35050834;RL35052400
683;RL35050834;RL35052810
684;RL35050834;RL35055016
685;RL35050834;RL35054866
686;RL35050834;RL35056878
687;RL35051199;RL35052513
688;RL35053098;RL35114134
689;RL35053098;RL35114682
690;RL35053098;RL35115289
691;RL35053098;RL35116192
692;RL35053098;RL35053975
693;RL35053098;RL35056097
694;RL35053098;RL35056705
695;RL35055088;RL35056116
696;RL35057122;RL35114137
697;RL35055971;RL35114081
698;RL35114971;RL35115991
699;RL35115141;RL35115974
700;RL35115570;RL35116600
701;RL35115570;RL35116932
702;RL35115570;RL35117040
703;RL35115570;RL35116389
704;RL35115914;RL35116396
705;RL35150968;RL35116980
706;RL35117966;RL35117113
707;RL35118839;RL35117681
708;RL35128247;RL35117485
709;RL35128247;RL35117621
710;RL35041386;RL35054775
711;RL35041386;RL35056816
712;RL35041386;RL35114271
713;RL35041386;RL35115176
714;RL35041386;RL35116851
715;RL35054044;RL35057009
716;RL35054044;RL35056844
717;RL35054044;RL35056734
718;RL35054044;RL35055022
719;RL35057843;RL35114030
720;RL35114728;RL35115285
721;RL35050328;RL35057441
722;RL35050328;RL35114257
723;RL35050328;RL35056456
724;RL35055327;RL35056911
725;RL35055327;RL35056717
726;RL35056232;RL35056718
728;RL35046483;RL35114838
729;RL35053196;RL35055071
730;RL35050583;RL35055416
731;RL35056978;RL35056951
732;RL35115887;RL35116018
733;RL35115887;RL35116182
734;RL35126897;RL35126231
735;RL35114198;RL35057202
736;RL35114198;RL35057363
737;RL35114198;RL35114062
738;RL35114198;RL35115023
739;RL35150891;RL35115026
740;RL35057732;RL35057732
741;RL35055145;RL35057070
742;RL35116625;RL35116690
743;RL35115550;RL35115104
744;RL35114198;RL35057876
746;RL35057310;RL35057914
747;RL35150891;RL35057918
748;RL35057864;RL35057610
749;RL35114198;RL35057409
750;RL35115550;RL35115412
751;RL35150885;RL35114943
752;RL35114249;RL35114148
753;RL35056921;RL35056695
754;RL35117483;RL35117429
755;RL35115203;RL35114360
756;RL35116625;RL35116376
757;RL35115550;RL35114232
758;RL35116625;RL35116690
759;RL35114198;RL35057607
760;RL35114385;RL35057791
761;RL35057310;RL35115094
762;RL35057905;RL35114944
763;RL35057628;RL35114231
764;RL35057047;RL35057670
766;RL35114537;RL35114234
767;RL35057047;RL35113955
768;RL35057310;RL35114491
769;RL35057905;RL35114944
770;RL35114640;RL35114709
771;RL35113917;RL35113917
772;RL35150888;RL35149605
773;RL35150891;RL35057478
774;RL35057329;RL35057329
776;RL35056910;RL35057547
777;RL35055390;RL35055728
778;RL35056667;RL35057783
779;RL35057312;RL35057312
780;RL35114198;RL35057350
782;RL35057810;RL35057482
783;RL35055145;RL35056758
784;RL35115196;RL35115597
785;RL35055145;RL35055895
786;RL35116257;RL35115822
787;RL35115748;RL35114963
788;RL35057885;RL35114511
789;RL35116257;RL35115734
790;RL35118524;RL35118080
791;RL35116044;RL35115507
792;RL35114385;RL35114025
793;RL35057312;RL35057723
795;RL35117495;RL35116893
796;RL35057738;RL35114073
797;RL26003882;RL26003882
798;RL26003499;RL26004598
799;RL26003486;RL26004599
800;RL26043352;RL26003357
801;RL26004154;RL26004726
802;RL26004154;RL26004438
803;RL26004154;RL26003899
804;RL26003292;RL26003892
805;RL26004154;RL26004209
806;RL26003499;RL26005006
807;RL26004487;RL26005135
808;RL26004922;RL26005831
809;RL26006344;RL26007142
810;RL26006892;RL26007412
811;RL26007430;RL26008132
812;RL35041386;RL35041563
813;RL35041509;RL35041570
814;RL35041395;RL35041569
815;RL35041541;RL35041749
816;RL35041386;RL35041897
817;RL35041448;RL35041881
818;RL35042143;RL35042012
819;RL35150897;RL35042220
820;RL35041386;RL35042865
821;RL35041386;RL35043726
822;RL35133343;RL35133225
823;RL35133350;RL35133239
824;RL35133343;RL35133184
825;RL35133216;RL35133133
826;RL35133120;RL35133009
827;RL35133343;RL35132905
828;RL35132700;RL35132859
829;RL35133343;RL35132482
830;RL35131692;RL35131788
831;RL35131846;RL35131681
832;RL35151439;RL35132002
833;RL35131846;RL35132177
834;RL35132072;RL35132215
835;RL35131846;RL35132464
836;RL35131846;RL35131950
837;RL35132119;RL35132000
838;RL35131399;RL35131104
839;RL35131399;RL35131190
840;RL35133343;RL35131270
841;RL35131546;RL35131159
842;RL35131298;RL35131139
843;RL35131546;RL35130930
844;RL35133343;RL35130362
845;RL35130079;RL35129993
846;RL35130635;RL35130388
847;RL35130635;RL35129834
848;RL35133343;RL35129106
849;RL35133343;RL35127599
850;RL35130042;RL35129709
851;RL35130393;RL35128971
852;RL35129030;RL35150682
853;RL35127114;RL35128410
854;RL35129873;RL35129038
855;RL35127114;RL35128336
856;RL35127114;RL35128194
857;RL35127114;RL35128031
858;RL35129335;RL35128988
859;RL35129335;RL35128629
860;RL35132558;RL35132604
861;RL35132558;RL35132283
862;RL35132558;RL35132071
863;RL35132227;RL35131200
864;RL35132558;RL35130737
865;RL35132558;RL35130417
866;RL35132536;RL35132150
867;RL35151176;RL35132065
868;RL35151240;RL35131941
869;RL35151176;RL35130665
870;RL35132558;RL35129435
871;RL35149040;RL35131143
872;RL35149047;RL35131142
873;RL35149040;RL35130258
874;RL35149040;RL35129666
875;RL35131911;RL35131286
876;RL35131490;RL35131046
877;RL35131911;RL35130954
878;RL35131911;RL35129795
879;RL35129412;RL35129670
880;RL35149040;RL35129681
881;RL35127114;RL35128191
882;RL35151333;RL35130137
