ID;q_mean;runoff_ratio;stream_elas;slope_fdc;baseflow_index_ladson;baseflow_index_lfstat;hfd_mean;Q5;Q95;high_q_freq;high_q_dur;low_q_freq;low_q_dur;zero_q_freq
1;2.837;0.627;1.642;1.574;0.765;0.746;238.857;1.029;6.618;0.048;1;0.476;1.111;0
2;3.811;0.773;1.122;2.334;0.732;0.78;245.861;1.072;10.066;0.083;1;2.111;10.857;0
3;0.899;0.191;2.499;1.001;0.699;0.69;234.656;0.406;2.693;6.156;2.855;0;0;0
4;5.076;1.018;0.855;2.166;0.749;0.813;243.316;1.469;13.331;0.053;1;1.316;4.167;0
5;3.311;0.65;1.158;2.022;0.757;0.787;239.963;1.06;7.635;0.296;1.333;0;0;0
6;5.059;0.981;1.066;2.563;0.651;0.637;235.944;1.139;14;0.917;1.5;9.972;5.983;0
7;2.042;0.418;1.978;1.665;0.727;0.653;234.375;0.69;4.889;0.469;1.667;0.594;2.375;0
8;2.144;0.413;1.49;1.555;0.667;0.658;219.577;0.734;5.588;2.038;1.71;2.577;9.571;0
9;4.437;0.899;1.241;1.601;0.759;0.649;236.639;1.457;9.399;0.028;1;1.361;1.195;0
10;5.259;1.055;0.867;2.72;0.558;0.531;225.694;0.787;16.917;4.722;1.828;40.611;7.497;0
11;3.471;0.713;1.147;0.888;0.795;0.779;195.038;1.367;5.53;0;0;1.5;2.438;0
12;4.554;0.944;0.924;0.772;0.87;0.897;200.194;2.451;6.948;0.032;1;0;0;0
13;3.156;0.684;1.427;1.596;0.768;0.715;238.917;1.197;7.076;0.083;1;0.167;1;0
14;4.601;0.944;1.094;2.882;0.402;0.281;216.972;0.455;16.294;13.222;1.38;70.667;6.205;0
15;3.672;0.768;1.066;2.662;0.418;0.311;205.714;0.393;13.042;11.343;1.388;60.627;6.241;0
16;3.597;0.75;0.98;2.471;0.467;0.361;213.75;0.544;11.069;7.583;1.282;38.778;4.968;0
17;2.789;0.588;0.744;2.898;0.46;0.332;215.263;0.367;8.681;5.21;1.435;52.682;5.958;0
18;2.203;0.467;1.413;1.812;0.557;0.486;209.556;0.518;6.325;4.139;1.393;9.5;5.182;0
19;3.126;0.661;1.108;2.363;0.501;0.407;211.515;0.531;9.429;5.121;1.29;29.182;5.599;0
20;5.634;1.073;1.372;3.213;0.589;0.558;237.389;0.848;17.862;3.306;1.368;48.083;10.243;0
21;4.985;0.952;1.355;2.813;0.585;0.543;231.111;0.771;15.224;1.778;1.255;36.778;8.827;0
22;5.087;0.982;1.633;2.766;0.565;0.517;229.167;0.777;15.699;2.167;1.258;41.25;8.735;0
23;3.784;0.729;1.033;2.533;0.475;0.383;204.885;0.54;12.02;6.769;1.333;44.036;6.223;0
24;5.894;1.118;1.449;3.519;0.5;0.432;231.833;0.652;20.077;7.972;1.586;75.444;8.733;0
25;6.052;1.2;0.832;2.966;0.443;0.365;210.857;0.657;21.379;10.905;1.477;66.526;7.201;0
26;11.006;2.127;0.432;2.616;0.547;0.475;210.842;2.317;33.881;1.632;1.192;16.157;5.482;0
27;2.621;0.519;1.092;2.617;0.473;0.385;196.417;0.411;8.616;7.861;1.394;41.167;5.093;0
28;3.867;0.831;1.216;2.536;0.437;0.345;178.972;0.641;14.024;11.472;1.4;36.333;4.917;0
29;4.842;0.96;1.357;2.086;0.572;0.447;212.528;0.837;13.123;1.167;1.2;26.694;2.516;0
30;3.049;0.664;1.766;2.595;0.41;0.311;198.694;0.33;11.182;13.389;1.53;60.056;5.46;0
32;2.807;0.636;1.411;2.689;0.428;0.333;176.889;0.408;10.231;12.169;1.475;47.285;5.455;0
33;5.454;1.068;0.584;4.385;0.643;0.688;253.333;0.479;17.497;2.861;2.861;98.056;26.947;0
34;4.953;0.965;1.04;3.556;0.636;0.651;249.972;0.735;15.977;3.889;2.373;60.139;21.225;0
35;4.641;0.904;1.217;3.176;0.653;0.662;244.361;0.799;13.987;1.25;1.324;34.278;13.865;0
36;4.921;0.925;2.008;2.606;0.657;0.65;245.417;1.059;13.961;1.556;1.217;11.861;13.774;0
37;3.343;0.659;2.336;2.503;0.679;0.703;234.632;0.727;9.144;1.263;1.846;11.421;21.7;0
38;3.769;0.739;1.813;2.352;0.705;0.727;242.278;0.883;10.147;0.5;1.385;8.472;9.242;0
39;3.445;0.705;1.557;1.967;0.663;0.637;217.194;0.968;8.423;0.806;1.45;0.944;2.615;0
40;3.12;0.642;1.312;2.143;0.791;0.88;243.917;1.014;7.001;0.083;1;0;0;0
41;0.819;0.167;2.917;2.164;0.789;0.849;233.033;0.17;1.94;0.133;1;15.899;14.455;0
42;2.528;0.523;1.937;2.627;0.719;0.776;238.182;0.599;6.415;0.394;1.625;5.394;25.429;0
43;2.734;0.567;1.931;1.778;0.749;0.775;231.556;0.871;6.165;0.194;1.4;0;0;0
44;2.265;0.58;1.209;3.34;0.666;0.707;252.472;0.383;7.45;2.583;2.657;45.139;16.927;0
45;2.342;0.675;1.476;1.858;0.669;0.518;251.111;0.403;6.189;0.056;1;26.917;1.791;0
46;2.702;0.769;1.222;1.722;0.703;0.561;249.722;0.626;6.576;0.028;1;9.972;1.502;0
47;4.333;1.297;-0.141;6.414;0.599;0.648;290.147;0.218;17.74;63.733;11.286;170.523;69.024;0
48;3.202;0.68;1.368;3.501;0.697;0.741;258.194;0.529;9.609;1.5;1.688;48.167;16.206;0
49;1.265;0.306;2.285;2.986;0.626;0.646;250.417;0.205;4.24;6.972;2.953;40.361;16.701;0
50;1.99;0.467;1.434;2.759;0.703;0.748;252.111;0.435;5.983;1.194;1.792;9.056;6.392;0
51;2.412;0.54;1.481;2.787;0.72;0.768;252.361;0.582;6.911;0.556;1.818;3.667;4.552;0
52;2.133;0.446;2.331;1.453;0.827;0.893;231.889;0.932;4.623;0.056;1;0;0;0
53;2.527;0.664;1.357;1.836;0.747;0.673;248.548;0.741;6.021;0.032;1;2.323;1.241;0
54;1.43;0.387;0.834;4.086;0.703;0.757;268.639;0.22;4.142;1.556;1.647;67.5;20.948;0
55;;;;;;;;;;;;;;
56;4.224;1.276;0.356;4.77;0.598;0.614;290.917;0.341;17.595;52.444;8.281;149.139;57.731;0
57;4.508;1.217;0.243;6.734;0.602;0.624;286.083;0.215;17.695;69.083;9.28;172.25;83.797;0
58;3.39;0.901;0.61;4.799;0.663;0.7;279.694;0.375;11.507;9.639;2.776;115.639;31.067;0
59;2.96;0.713;0.817;4.847;0.68;0.793;268.818;0.262;9.41;5.212;4;111.487;56.6;0
60;3.004;0.76;0.792;4.575;0.678;0.726;277.972;0.392;9.892;5.833;2.5;100.778;29.024;0
61;3.497;0.761;0.879;5.542;0.629;0.677;266.028;0.278;12.848;17.222;4.429;138.083;60.622;0
62;3.038;0.751;0.713;4.394;0.688;0.727;274.346;0.439;9.439;2.731;1.732;87.188;25.761;0
63;2.5;0.646;1.393;2.342;0.748;0.713;256.333;0.689;6.288;0.056;1;2.333;1.105;0
64;2.56;0.658;1.269;2.22;0.755;0.717;255.065;0.752;6.295;0.032;1;0.677;1.105;0
65;1.77;0.372;1.2;2.288;0.8;0.87;249.077;0.625;4.045;0.115;1;0;0;0
66;2.501;0.629;1.227;2.285;0.764;0.748;255.389;0.783;6.153;0.028;1;0.056;1;0
67;1.985;0.503;1.737;3.195;0.654;0.696;250.692;0.296;6.295;1.961;1.889;45.69;26.4;0
68;2.758;0.665;1.005;1.806;0.781;0.894;236.833;0.943;6.525;0.028;1;0;0;0
69;2.71;0.659;1.166;2.733;0.771;0.854;252.75;0.781;6.777;0.028;1;0;0;0
70;3.25;0.734;1.255;2.628;0.739;0.791;251.194;0.901;8.436;0.389;1.167;0.611;11;0
71;2.749;0.649;1.435;2.412;0.77;0.849;248.278;0.831;6.71;0.083;1;0;0;0
72;2.291;0.526;1.098;1.94;0.763;0.838;241.389;0.767;5.866;0.056;1;0;0;0
73;3.617;0.795;0.705;4.667;0.676;0.706;273;0.354;11.396;1.615;1.68;102.725;38.71;0
74;2.534;0.571;1.169;2.729;0.779;0.853;253.361;0.767;6.03;0.111;1;0;0;0
75;2.748;0.609;0.97;1.809;0.785;0.856;244.361;0.979;6.774;0.028;1;0;0;0
76;2.694;0.594;1.052;2.351;0.747;0.825;246.917;0.757;7.163;0.056;1;1.194;1.654;0
77;2.584;0.632;1.3;2.165;0.786;0.795;252.917;0.929;6.065;0;0;0;0;0
78;0.508;0.127;1.804;3.254;0.61;0.634;262.083;0.043;1.337;5.361;1.569;74.694;29.878;0
79;4.329;1.158;1.466;6.062;0.633;0.628;268.833;0.259;14.961;8.75;1.842;139.194;56.943;0
80;0.515;0.133;1.195;1.632;0.734;0.751;245.028;0.19;1.085;2.333;1.273;0.222;2;0
81;2.554;0.601;1.07;2.711;0.748;0.803;251.472;0.697;6.506;0.139;1.25;0.056;1;0
82;3.938;0.979;0.971;2.443;0.623;0.391;249.667;0.638;9.31;0;0;30.583;2.163;0
83;3.731;0.837;1.263;2.816;0.699;0.756;249.619;0.76;11.105;0.238;1.667;15.858;9.794;0
84;3.773;0.929;1.024;2.319;0.647;0.442;248.5;0.709;8.713;0.028;1;21.444;2.133;0
85;3.854;0.892;0.889;1.647;0.664;0.515;222.611;0.668;7.833;0.028;1;25.833;2.751;0
86;3.628;0.841;0.687;1.468;0.715;0.56;228.333;0.785;7.124;0;0;16;1.933;0
87;3.598;0.856;0.847;1.842;0.735;0.614;243.556;1.083;7.568;0;0;3.056;2.075;0
88;2.718;0.66;1.187;2.083;0.791;0.787;251.111;1;6.137;0;0;0;0;0
89;2.644;0.528;1.422;3.205;0.581;0.536;236.944;0.307;8.19;2.722;1.361;56.194;14.049;0
90;2.898;0.578;1.775;1.487;0.726;0.746;219.306;1.072;7.235;0.528;1.357;0;0;0
91;3.255;0.638;1.676;1.976;0.618;0.565;214.694;0.904;8.951;2.056;1.321;0.722;3.714;0
92;1.676;0.343;-0.119;1.236;0.819;0.842;208;0.808;3.195;0.091;1;1.091;4;0
93;3.609;0.757;1.344;2.18;0.673;0.65;231.296;1.011;9.448;0.593;1.231;1.222;4.125;0
94;3.417;0.733;1.064;2.228;0.738;0.769;233.583;0.891;8.232;0.058;1;6.188;12.647;0
95;3.013;0.633;1.409;1.966;0.731;0.74;233.667;0.953;7.136;0.167;1;0.139;1.667;0
96;2.754;0.658;1.142;2.017;0.798;0.799;249.222;1.067;6.096;0;0;0;0;0
97;2.217;0.438;1.348;1.688;0.689;0.699;216.433;0.639;5.658;0.933;1.273;0.4;4;0
98;2.232;0.441;1.493;1.652;0.679;0.662;211.971;0.723;5.536;0.714;1.25;1.429;8.333;0
99;3.368;0.648;2.22;2.027;0.636;0.578;233.625;0.912;8.742;2.062;1.32;2.562;3.727;0
100;2.582;0.487;1.683;1.397;0.638;0.577;198.381;0.876;6.427;1.667;1.591;5.476;3.108;0
101;3.729;0.759;1.461;1.555;0.587;0.552;202.758;1.175;10.167;4.091;1.57;0.849;9.333;0
102;2.333;0.465;1.823;2.021;0.571;0.512;210.882;0.536;6.151;3.294;1.6;10.471;6.138;0
103;3.033;0.64;1.036;2.333;0.662;0.661;229.25;0.723;8.3;0.611;1.222;6;5.268;0
104;3.276;0.689;0.493;2.151;0.672;0.668;232.5;0.731;8.867;0.5;1.167;10.142;9.467;0
105;2.847;0.585;1.222;2.146;0.669;0.652;224.444;0.756;7.277;0.694;1.25;4.111;5.692;0
106;2.927;0.606;1.499;2.242;0.671;0.655;226.583;0.778;7.558;0.639;1.278;1.806;4.333;0
107;3.587;0.712;1.229;1.815;0.698;0.68;217.222;1.282;8.907;0.528;1.118;0;0;0
108;3.329;0.655;1.279;1.754;0.698;0.681;217.167;1.132;7.896;0.583;1;0.167;1.333;0
109;4.819;0.907;0.821;1.039;0.808;0.825;207.389;2.539;9.059;0.111;1;0;0;0
110;4.008;0.779;1.091;1.344;0.716;0.683;210.538;1.737;9.018;0.769;1.429;0;0;0
111;2.966;0.689;0.612;4.471;0.672;0.665;266.722;0.297;9.109;1.917;1.255;92.611;10.618;0
112;6.455;1.548;0.337;6.839;0.593;0.599;290.321;0.218;26.712;74.321;10.005;177.536;53.452;0
113;5.259;1.238;0.409;5.803;0.637;0.617;277.611;0.391;17.447;10.028;2.04;135.944;42.19;0
114;4.769;1.104;-0.033;4.697;0.672;0.696;277.417;0.553;15.215;6.5;1.983;99.389;32.826;0
115;4.309;0.985;0.794;4.065;0.704;0.734;268.611;0.762;12.682;1.611;1.812;34.806;14.079;0
116;2.874;0.627;1.178;2.26;0.694;0.706;235.267;0.751;7.874;0.267;1;5.9;10.412;0
117;3.491;0.798;0.909;3.94;0.703;0.716;266.556;0.592;10.002;0.972;1.167;42.694;8.833;0
118;3.858;0.868;1.081;3.183;0.704;0.747;256.028;0.748;10.936;0.389;1.556;22.111;12.246;0
119;3.041;0.65;0.693;1.92;0.729;0.784;232.125;0.898;7.794;0.333;1.143;0.542;2.167;0
120;5.139;1.144;0.782;1.316;0.705;0.521;216.833;1.466;9.904;0;0;7.89;1.661;0
121;10.005;2.193;0.073;2.21;0.611;0.413;189.917;1.041;21.628;0;0;39.861;2.83;0
122;3.897;0.873;0.813;1.946;0.795;0.78;249.25;1.425;8.109;0;0;0.139;1;0
123;4.233;0.938;0.621;2.993;0.773;0.843;264.972;0.896;10.314;0.028;1;14.278;12.537;0
124;3.22;0.71;0.72;2.702;0.792;0.847;255.778;0.976;7.164;0;0;1.25;5.625;0
125;3.137;0.727;0.909;2.024;0.773;0.821;252.5;1.092;7.596;0.139;1.25;0;0;0
126;3.182;0.729;0.665;1.815;0.807;0.852;243.111;1.23;6.965;0;0;0;0;0
127;6.463;1.567;0.635;3.162;0.627;0.504;255.629;0.612;16.672;0;0;57.069;3.044;0
128;4.239;1.037;0.994;2.942;0.685;0.656;254.806;0.762;11.594;0.167;1.2;27.944;3.076;0
129;3.554;0.8;0.771;2.025;0.799;0.792;246.179;1.341;7.396;0;0;0.143;1;0
130;3.129;0.783;1.427;2.671;0.67;0.689;242.333;0.678;9.216;0.667;1.333;11.167;8.739;0
131;2.9;0.562;2.01;1.614;0.675;0.641;210.333;0.978;7.452;0.944;1.259;2;12;0
132;9.289;1.842;1.123;3.768;0.606;0.59;245.276;1.021;29.265;0.897;1.529;76.416;18.94;0
133;3.879;0.729;1.683;2.418;0.625;0.571;225.167;0.86;10.212;1.64;1.311;11.145;7.566;0
134;4.422;0.816;0.843;3.206;0.612;0.607;244.5;0.637;14.268;1.836;1.375;54.01;22.322;0
135;3.405;0.751;0.874;1.964;0.785;0.782;239.889;1.317;7.31;0;0;0;0;0
136;3.685;0.654;1.242;2.134;0.693;0.656;236.75;1.167;9.03;0.528;1.357;0;0;0
137;3.478;0.738;1.184;1.848;0.778;0.766;237.25;1.359;7.386;0.056;1;0;0;0
138;2.406;0.503;1.316;2.316;0.471;0.366;196.444;0.332;7.286;6.407;1.454;41.406;4.267;0
139;3.862;0.736;1.722;2.772;0.496;0.4;232.139;0.463;12.458;6.671;1.395;53.755;7.992;0
140;2.207;0.535;0.853;1.562;0.679;0.684;185.85;0.762;4.957;0.8;2.667;1.1;11;0
141;2.362;0.57;1.513;1.513;0.666;0.646;184.694;0.739;5.555;1.389;1.562;2.306;5.533;0
142;2.946;0.616;1.202;2.399;0.687;0.716;230.861;0.717;8.075;0.25;1.286;6.694;10.478;0
143;3.172;0.664;1.899;2.557;0.645;0.629;229.944;0.685;9.288;1.167;1.68;13.389;8.31;0
144;2.092;0.412;1.537;2.291;0.671;0.666;220.583;0.513;5.541;0.528;1.583;9.444;8.095;0
145;3.946;0.72;1.446;2.027;0.733;0.75;230.833;1.165;8.971;0.389;1.4;2.194;9.875;0
147;3.309;0.632;1.078;1.819;0.709;0.694;222.667;1.086;7.655;0.584;1.312;0.083;3;0
148;1.586;0.42;1.027;1.29;0.599;0.575;187.029;0.454;3.88;5.853;1.519;1.323;5;0
149;3.389;0.709;1.095;1.671;0.772;0.773;232.972;1.37;7.177;0.111;1;0;0;0
150;1.001;0.281;1.889;2.518;0.434;0.349;181.556;0.123;3.724;14.194;2.231;52.611;6.838;0
151;1.014;0.282;1.835;1.627;0.521;0.468;179.611;0.202;3.242;8.03;2.05;18.394;7.609;0
152;1.937;0.487;1.14;1.327;0.759;0.812;185.417;0.673;4.192;0.139;5;7.972;17.938;0
153;1.856;0.487;1.605;2.1;0.515;0.462;182.156;0.293;5.334;6.469;1.656;30.375;5.089;0
154;1.413;0.364;1.394;1.429;0.706;0.714;185.361;0.425;3.325;1.278;1.769;7.75;10.731;0
155;1.147;0.329;0.504;1.13;0.689;0.644;180.694;0.446;2.621;1.306;1.424;0.222;2;0
156;0.736;0.202;1.224;1.201;0.65;0.607;183.5;0.298;1.783;2.861;1.561;0.028;1;0
157;0.895;0.231;1.675;2.656;0.459;0.381;174.944;0.069;2.971;10.452;1.701;61.102;6.581;0.01
158;0.794;0.205;2.428;2.785;0.425;0.337;173.933;0.039;2.78;11.899;1.741;75.73;7.056;0.012
159;0.786;0.209;0.88;1.481;0.642;0.581;179.538;0.275;2.237;0.038;1;0.769;2.5;0
160;0.491;0.132;1.018;1.632;0.659;0.621;175.444;0.091;1.298;0.083;1;19.806;8.102;0.01
161;2.309;0.649;0.73;0.601;0.901;0.899;186.889;1.45;3.286;0.056;2;0;0;0
162;0.895;0.243;1.079;1.324;0.75;0.752;180.444;0.318;1.995;0.083;1;2.25;11.571;0
163;1.931;0.555;1.004;1.08;0.639;0.588;172.111;0.802;4.678;3.722;1.441;0.083;1.5;0
164;1.473;0.424;0.5;1.049;0.68;0.626;177.722;0.604;3.286;1.917;1.327;1.917;6.9;0
165;1.454;0.434;1.595;1.062;0.615;0.563;171.967;0.562;3.625;4.5;1.517;0.1;3;0
166;0.823;0.244;0.996;1.226;0.575;0.511;173.029;0.276;2.17;5.8;1.75;2.286;3.333;0
167;1.379;0.414;1.015;0.768;0.724;0.701;174.028;0.742;2.881;2.083;1.293;0;0;0
168;1.281;0.399;1.025;1.343;0.633;0.601;175.444;0.424;3.247;3.852;1.465;0.556;3;0
169;1.243;0.363;1.625;1.356;0.602;0.557;173.389;0.399;3.109;4.972;1.627;1.194;1.955;0
170;1.294;0.396;1.652;1.41;0.597;0.558;169.833;0.421;3.3;6.056;1.557;0.722;3.714;0
171;1.345;0.418;1.33;1.355;0.618;0.572;171.639;0.47;3.413;4.722;1.532;0;0;0
172;1.188;0.395;1.86;1.8;0.5;0.448;164.833;0.225;3.476;10.028;1.633;22.583;3.909;0
173;2.445;0.592;1.208;1.452;0.817;0.82;231.778;1.138;4.611;0;0;0;0;0
174;1.349;0.437;1.276;2.151;0.514;0.458;161.472;0.207;4.031;8.111;1.64;36.833;5.643;0
175;1.212;0.408;1.505;2.139;0.483;0.426;157.306;0.164;4.186;12.611;2.054;44;6.74;0
176;1.15;0.398;1.224;1.826;0.526;0.465;157.361;0.242;3.569;7.806;1.663;14.333;3.329;0
177;1.123;0.387;1.39;2.629;0.461;0.385;152.917;0.114;3.892;12.5;1.685;67.583;7.395;0
178;1.32;0.489;0.783;1.248;0.699;0.669;169;0.547;3.136;1.778;1.455;0;0;0
179;1.183;0.422;1.043;1.708;0.552;0.503;159.667;0.315;3.439;7.556;1.609;2.806;2.73;0
180;1.905;0.709;1.104;1.404;0.704;0.699;168.583;0.684;4.791;1.857;1.444;0;0;0
181;1.345;0.505;1.514;1.823;0.601;0.582;155.207;0.332;4.03;9.069;2.267;6.966;5.459;0
182;1.346;0.517;1.19;2.152;0.636;0.616;156.972;0.323;4.037;3.917;1.855;8.167;5.444;0
183;2.009;0.719;1.274;1.562;0.665;0.667;173.417;0.624;6.028;2.889;1.507;1.417;5.1;0
184;1.836;0.667;1.16;1.873;0.672;0.678;172.444;0.511;5.018;1.833;1.737;2.556;5.412;0
185;1.235;0.475;1.107;1.637;0.693;0.705;176.75;0.38;3.213;1.472;1.893;2.611;8.545;0
186;1.579;0.587;1.146;1.805;0.691;0.704;174.472;0.474;4.207;0.944;1.889;1.5;6.75;0
187;1.536;0.457;1.173;1.075;0.819;0.824;207.639;0.793;2.728;0;0;0;0;0
188;1.175;0.383;1.092;1.769;0.616;0.58;163.028;0.304;3.318;4.194;1.678;6.861;4.94;0
189;1.103;0.369;1.34;1.82;0.578;0.535;161.306;0.25;3.088;5.694;1.602;12.167;6.169;0
190;1.036;0.352;1.339;1.698;0.617;0.579;162.5;0.278;2.678;4.694;1.594;3.75;4.091;0
191;1.122;0.395;1.306;1.727;0.531;0.479;154.944;0.202;3.243;8.028;1.624;22.556;5.043;0
192;1.134;0.406;1.057;1.632;0.506;0.455;153.361;0.224;3.471;10.417;1.667;19.056;5.119;0
193;1.146;0.41;1.31;1.705;0.505;0.446;153.417;0.225;3.606;10.611;1.713;19.583;4.7;0
194;1.469;0.549;1.165;1.788;0.489;0.432;155.444;0.29;4.828;12.361;1.839;19.278;5.983;0
195;1.164;0.431;1.229;1.78;0.54;0.492;151.972;0.272;3.517;8.611;1.732;9.667;6;0
196;1.135;0.433;0.619;1.9;0.632;0.627;170.242;0.249;3.218;4.121;1.766;13.849;6.529;0
197;1.268;0.486;1.512;1.812;0.634;0.635;172.812;0.322;3.615;3.812;1.671;7.812;5.682;0
198;1.17;0.454;1.388;1.989;0.655;0.658;169.389;0.288;3.171;2.667;2.4;10.361;7.173;0
199;1.273;0.498;1.804;2.436;0.586;0.576;169.222;0.2;4.048;4.333;2.69;32.722;7.699;0
200;4.381;0.852;0.802;2.832;0.637;0.653;235.861;0.824;13.017;0.639;2.3;24.611;11.658;0
201;5.988;1.162;1.308;3.552;0.537;0.535;235.972;0.741;21.605;9.667;2.949;80.139;14.142;0
202;4.43;0.851;1.944;2.625;0.505;0.443;205.194;0.674;15.549;8.421;1.847;38.047;8.344;0
203;5.539;1.096;1.599;2.5;0.594;0.579;227.861;1.126;18.151;2.091;1.574;16.869;8.408;0
204;5.405;1.044;1.413;2.901;0.61;0.593;230.417;1.004;16.018;0.778;1.75;25.639;8.875;0
205;7.163;1.442;1.016;6.05;0.617;0.575;267;0.268;22.914;2.389;1.344;133.75;19.183;0
206;4.754;0.924;1.306;2.599;0.633;0.587;235.944;1.013;12.912;0.806;1.812;12.917;7.266;0
207;4.698;0.908;1.314;2.336;0.652;0.616;233.5;1.155;12.262;0.722;1.733;4.889;7.04;0
208;3.644;0.707;1.494;1.922;0.559;0.496;197.556;1;11.774;2.361;2.742;1.75;9;0
209;3.669;0.71;1.175;2.057;0.572;0.505;198.944;0.981;10.581;2.556;1.643;3.333;6.316;0
210;5.036;1.085;1.318;2.966;0.456;0.357;210.543;0.576;16.34;8.886;1.555;61.542;7.377;0
211;4.421;0.864;1.357;2.333;0.643;0.599;225.306;1.137;11.32;0.639;1.353;4.528;9.588;0
212;2.716;0.59;1.419;1.875;0.549;0.482;193.75;0.672;7.548;4.5;1.705;4.444;4.848;0
213;2.935;0.709;0.976;1.901;0.647;0.628;176.222;0.653;7.128;0.472;1.545;13.5;9.72;0
214;2.767;0.581;1.503;1.475;0.701;0.718;190.444;0.993;6.492;0.417;3;0.278;3.333;0
215;2.956;0.639;1.524;1.672;0.603;0.559;187.389;0.857;7.865;3.194;1.575;2.028;4.562;0
216;3.173;0.703;1.195;1.812;0.622;0.576;185.583;0.992;8.495;0.5;2.25;0.333;2;0
217;6.223;1.344;1.487;2.01;0.585;0.531;214.472;1.636;16.758;3.083;1.461;4.861;10.294;0
218;3.042;0.688;1.057;1.984;0.659;0.612;195.444;1.202;8.163;0;0;0;0;0
219;2.327;0.597;1.467;1.08;0.672;0.641;178.778;1.026;5.721;2.25;1.328;0;0;0
220;1.701;0.484;1.491;1.443;0.567;0.512;167.056;0.541;4.719;5.944;1.518;0.111;4;0
221;1.758;0.477;1.146;1.123;0.68;0.648;174.306;0.796;4.065;2.611;1.469;0;0;0
222;1.759;0.431;1.59;3.024;0.431;0.345;175.583;0.196;6.295;12.25;1.75;69.167;6.418;0
223;1.221;0.31;1.667;2.585;0.46;0.381;173.917;0.096;4.167;9.472;1.714;59.639;7.181;0.014
224;1.682;0.449;1.519;1.292;0.649;0.612;175.167;0.654;4.038;3.722;1.489;0;0;0
225;2.404;0.59;1.258;1.556;0.69;0.658;188.556;1.065;5.819;0.194;1.167;0;0;0
226;2.334;0.575;0.886;2.226;0.482;0.395;185;0.433;7.427;7.889;1.651;22.889;4.905;0
227;2.239;0.563;1.28;1.462;0.698;0.666;187.444;1.008;5.227;0.361;1.3;0;0;0
228;3.36;0.746;1.354;1.895;0.686;0.638;214.528;1.15;7.572;0.111;1.333;0;0;0
229;0.841;0.26;1.088;0.899;0.681;0.651;168.472;0.39;1.82;3.333;1.395;0;0;0
230;4.637;0.982;1.542;1.789;0.68;0.656;215.083;1.394;10.896;1.056;1.357;1.278;5.111;0
231;3.447;0.774;1.582;1.846;0.668;0.641;207.389;0.969;7.911;0.917;1.32;2;4.5;0
232;1.428;0.37;1.835;2.132;0.488;0.403;184.667;0.25;4.49;7.944;1.521;26.778;5.326;0
233;2.97;0.697;1.687;1.787;0.656;0.621;204.861;0.878;7.187;1.306;1.516;0.5;4.5;0
234;3.269;0.743;1.107;1.755;0.7;0.66;213;1.187;7.149;0.167;1.5;0;0;0
235;0.93;0.279;0.545;0.941;0.769;0.749;176.639;0.467;1.819;0.639;1.353;0;0;0
236;2.49;0.621;1.24;1.25;0.686;0.645;183.611;1.038;5.498;1.944;1.207;0.028;1;0
237;1.744;0.464;1.407;1.476;0.596;0.544;176.583;0.567;4.801;4.111;1.423;1.139;4.1;0
238;1.262;0.368;0.35;1.351;0.6;0.546;174.63;0.372;3.381;4.259;1.353;2.222;4.286;0
239;1.41;0.421;1.272;1.356;0.626;0.577;174;0.468;3.583;3.611;1.429;0.333;3;0
240;0.899;0.339;0.854;0.952;0.786;0.772;179.972;0.462;1.696;1.083;1.345;0;0;0
241;0.835;0.324;1.919;2.415;0.581;0.552;165.694;0.118;2.6;6.167;2.198;38.222;7.056;0
242;0.683;0.255;0.878;2.519;0.56;0.531;165;0.098;2.213;8.956;3.121;35.782;6.975;0
243;0.745;0.29;1.566;2.277;0.582;0.55;165.722;0.129;2.301;6.889;2.505;26.944;6.139;0
244;2.516;0.613;1.466;2.54;0.692;0.699;238.611;0.584;6.769;0.194;1.167;7.835;11.28;0
245;4.524;1.129;1.105;1.141;0.83;0.867;222.861;2.369;8.84;0.083;1;0;0;0
246;2.259;0.55;1.531;2.323;0.647;0.663;230.643;0.488;6.741;2.286;1.778;14.643;20.5;0
247;3.813;0.98;1.175;2.963;0.678;0.699;247.611;0.737;11.083;0.778;1.333;21.111;11.515;0
248;2.87;0.693;0.891;1.812;0.768;0.791;232;1.059;6.595;0.056;1;0.028;1;0
249;2.83;0.656;1.609;1.814;0.735;0.705;230.6;0.941;6.516;0;0;0;0;0
250;1.159;0.287;0.454;1.515;0.686;0.698;223.361;0.413;2.94;3.556;2.327;0.722;4.333;0
251;2.645;0.637;1.33;1.527;0.761;0.815;224.778;0.925;6.381;0.056;1;6.889;27.556;0
252;2.669;0.621;1.041;1.925;0.725;0.717;228.917;0.891;6.465;0.028;1;0.417;1.667;0
253;2.295;0.582;1.805;1.722;0.761;0.797;227.306;0.791;5.477;0.056;2;1.056;4.222;0
254;2.638;0.614;1.15;1.843;0.738;0.739;227.969;0.928;6.229;0;0;0;0;0
255;3.256;0.855;0.669;1.913;0.687;0.709;220.278;0.898;8.717;0.417;1.667;3.722;6.7;0
256;2.26;0.594;1.754;1.782;0.686;0.682;199.861;0.715;5.853;1.278;1.438;1.194;3.909;0
257;3.204;0.803;0.933;2.939;0.446;0.37;208.139;0.338;12.4;16.074;2.111;76.564;8.484;0
258;3.114;0.805;1.57;1.925;0.7;0.704;215.361;0.971;7.742;0.639;1.643;0.083;1.5;0
259;3.307;0.756;1.228;1.705;0.647;0.627;202.677;0.98;8.688;1.806;1.302;0.161;2.5;0
260;1.868;0.495;0.63;1.288;0.675;0.654;180.583;0.662;4.432;2.611;1.492;0;0;0
261;2.655;0.708;1.534;2.249;0.425;0.347;175.417;0.335;9.053;13.167;1.823;51.722;6.269;0
262;3.251;0.792;1.572;2.096;0.526;0.451;189.528;0.724;9.86;6.417;1.662;9.556;5.292;0
263;2.844;0.693;1.003;1.731;0.718;0.675;218.056;0.995;6.544;0.306;1.375;0.167;1;0
264;5.252;1.047;1.439;2.624;0.665;0.643;241.194;1.084;14.823;0.833;1.304;15.833;12.955;0
265;11.571;2.353;1.56;4.869;0.527;0.468;257.611;0.076;44.033;16.528;2.49;126.722;17.412;0.013
266;6.851;1.385;1.023;2.853;0.676;0.678;247.417;1.364;19.112;0.306;1.375;18.611;13.4;0
267;4.646;0.961;1.568;2.425;0.686;0.672;239.111;1.118;11.658;0.333;1;7.972;8.2;0
268;5.121;1.106;1.419;2.357;0.676;0.682;225.028;1.284;13.611;0.389;1.4;4.222;5.429;0
269;2.419;0.539;1.458;1.485;0.7;0.686;197.25;0.919;5.754;0.806;1.318;0;0;0
270;3.22;0.706;1.795;1.906;0.687;0.672;211.611;1.023;7.49;0.778;1.273;0.139;5;0
271;19.689;4.247;1.123;2.789;0.592;0.563;235.667;3.517;66.879;5.417;1.653;31.778;8.29;0
272;6.001;1.383;1.392;3.264;0.466;0.391;220.346;0.586;20.596;10.384;1.753;75.727;8.83;0
273;3.843;0.847;1.62;2.124;0.657;0.631;218.861;1.082;9.91;0.972;1.346;0.778;4;0
274;5.063;1.169;1.681;3.619;0.423;0.325;216.833;0.309;18.321;13.528;1.859;96.944;8.639;0
275;2.313;0.513;2.435;3.166;0.472;0.395;203.972;0.165;7.756;9.028;1.958;80.722;12.21;0
276;4.268;0.924;1.626;2.119;0.68;0.646;224.111;1.231;10.325;0.75;1.286;1;3;0
277;2.497;0.589;1.432;1.537;0.683;0.678;199.944;0.853;5.772;1.778;1.391;0.333;12;0
278;2.6;0.635;1.452;1.877;0.606;0.558;196.944;0.678;6.832;2.472;1.435;3.222;5.524;0
279;1.814;0.454;0.516;1.947;0.538;0.47;185.806;0.436;5.5;5.451;1.523;7.322;4.283;0
280;3.547;0.814;1.484;1.912;0.687;0.654;216.861;1.105;8.061;0.806;1.318;0;0;0
281;2.976;0.719;0.997;1.754;0.719;0.686;217.889;1.045;6.721;0.222;1.333;0.083;1;0
282;1.789;0.534;1.231;2.361;0.471;0.397;168.722;0.251;5.738;9.417;1.687;47.667;6.379;0
283;0.772;0.289;1.817;1.948;0.591;0.575;185.111;0.164;2.12;6.056;2.247;15.167;9.1;0
284;0.771;0.285;1.707;2.122;0.607;0.578;181.917;0.159;2.151;3.972;2.306;16.333;5.654;0
285;1.252;0.451;1.995;1.809;0.647;0.661;195.485;0.334;3.419;3.03;2.5;5.758;5.938;0
286;0.996;0.36;1.71;1.716;0.675;0.688;190.417;0.264;2.626;2.583;3;4.917;7.08;0
287;0.893;0.329;1.927;1.925;0.642;0.635;184.778;0.214;2.481;3.028;2.659;7.806;5.302;0
288;0.805;0.29;0.715;0.969;0.762;0.743;181.944;0.364;1.555;0.944;1.308;0;0;0
289;1.132;0.403;1.607;1.812;0.675;0.671;190.556;0.307;2.952;1.611;2.636;4.639;5.387;0
290;1.049;0.366;1.66;1.784;0.673;0.674;188.056;0.272;2.846;2.473;3.069;4.724;4.25;0
291;1.066;0.39;1.478;1.678;0.66;0.655;189.139;0.283;2.793;2.75;3.094;7.5;5.294;0
292;0.901;0.353;1.155;1.968;0.621;0.584;176.611;0.218;2.458;4.139;2.525;8.167;4.983;0
293;1.145;0.452;1.153;1.874;0.666;0.648;187.194;0.319;2.997;2.139;2.265;2.639;3.065;0
294;3.326;0.832;1.171;2.329;0.547;0.492;201.333;0.79;10.056;4.636;1.594;5.697;8.174;0
295;5.225;1.29;1.264;2.459;0.507;0.433;210.5;0.898;16.29;6.625;1.767;30.5;7.625;0
296;3.436;0.855;0.945;1.919;0.524;0.458;199.875;0.852;10.508;8;1.684;5.125;5.125;0
297;3.386;0.869;1.247;1.823;0.612;0.562;197.5;1.024;9.066;2.444;1.544;0.028;1;0
298;2.405;0.624;1.479;1.241;0.644;0.606;188.818;0.86;5.857;2.818;1.348;0;0;0
299;1.156;0.368;1.135;1.819;0.521;0.457;165.889;0.243;3.389;7.417;1.723;14.194;2.971;0
300;2.424;0.68;1.38;1.782;0.604;0.551;188.75;0.745;6.372;3.528;1.549;0;0;0
301;2.574;0.657;1.257;2.15;0.594;0.567;202.5;0.613;8.19;2.944;2.356;6.111;4.4;0
302;3.541;0.89;1.283;1.857;0.602;0.569;195.833;1.032;10.628;2.611;1.446;0.667;3;0
303;2.954;0.774;1.389;1.598;0.636;0.607;193.806;0.9;8.26;2.722;1.607;0.694;5;0
304;3.167;0.805;1.566;1.839;0.648;0.627;194.889;1.022;8.219;1.861;1.558;0.139;2.5;0
305;2.31;0.604;1.452;1.54;0.663;0.639;181.694;0.794;5.972;1.75;1.615;1.056;3.8;0
306;1.966;0.535;1.806;2.068;0.53;0.481;178.778;0.371;6.079;6.917;1.831;22.778;6.613;0
307;2.946;0.736;-0.003;1.554;0.644;0.615;194.222;1.042;7.238;2.778;1.667;0;0;0
308;1.811;0.541;1.544;2.843;0.405;0.318;165.333;0.159;6.756;15.889;1.919;81.556;8;0
309;1.794;0.501;0.898;1.802;0.486;0.43;175.889;0.343;5.966;10.89;1.885;21.446;6.226;0
310;1.499;0.449;1.502;2.097;0.533;0.478;169.861;0.278;4.523;6.25;1.705;24.417;6.56;0
311;2.213;0.619;1.22;1.716;0.662;0.638;184.972;0.715;5.338;1.972;1.543;0;0;0
312;0.908;0.362;1.83;1.5;0.655;0.623;177.528;0.292;2.378;4.139;1.817;1.861;4.467;0
313;0.616;0.246;1.518;1.526;0.667;0.638;182.75;0.207;1.631;2.694;2.156;0.222;1.143;0
314;1.677;0.491;1.204;1.147;0.807;0.807;207.611;0.843;3.035;0;0;0;0;0
315;1.221;0.39;1.776;2.019;0.501;0.449;174.083;0.19;3.387;8.944;1.643;34.444;6.927;0
316;1.148;0.368;1.818;2.389;0.468;0.403;168.139;0.135;3.926;12;1.87;54.944;7.88;0
317;0.877;0.304;1.789;1.735;0.583;0.551;172.25;0.169;2.256;5.361;1.582;20.361;7.635;0
318;3.336;0.89;1.256;1.647;0.632;0.596;185.083;1.093;8.844;2.694;1.516;0.167;2;0
319;;;;;;;;;;;;;;
320;1.858;0.561;1.364;1.781;0.6;0.565;179.694;0.495;5.256;3.694;1.547;1.833;3.882;0
321;0.622;0.247;2.214;2.028;0.589;0.556;178.417;0.099;1.815;6.333;2.018;33.222;6.913;0
322;0.276;0.113;1.588;1.139;0.758;0.736;197.543;0.105;0.574;1.543;2.455;0.143;1.25;0
323;1.667;0.49;1.153;1.132;0.806;0.805;207.75;0.816;3.011;0;0;0;0;0
324;0.212;0.102;0.034;1.19;0.721;0.679;177.714;0.067;0.454;2.143;1.667;5.571;4.333;0
325;2.566;0.7;1.439;1.48;0.683;0.675;186.056;0.956;6.404;1.694;1.564;0.139;1;0
326;2.256;0.622;0.697;0.936;0.901;0.967;203.794;1.236;3.839;0;0;0;0;0
327;2.309;0.62;0.981;0.664;0.904;0.951;194.818;1.446;3.547;0;0;0;0;0
328;2.157;0.618;1.139;1.148;0.768;0.784;188.25;0.996;4.499;0.889;1.524;0;0;0
329;1.523;0.516;1.204;0.924;0.781;0.776;191.75;0.694;3.04;0.833;1.667;0;0;0
330;1.81;0.591;1.359;1.568;0.669;0.664;185.722;0.632;4.64;2.361;1.932;0;0;0
331;1.415;0.491;1.203;1.463;0.668;0.651;182.917;0.465;3.51;2.333;1.615;0.389;1.75;0
332;1.69;0.538;1.191;1.34;0.714;0.713;185.111;0.667;3.938;1.417;1.7;0;0;0
333;0.479;0.152;3.272;3.85;0.295;0.237;189.727;0.017;2.231;53.815;5.92;205.624;16.043;0
334;1.042;0.366;2.308;1.956;0.609;0.577;182.444;0.218;3.147;5.278;2.405;16.472;6.895;0
335;0.675;0.256;2.407;2.253;0.624;0.609;184.694;0.118;1.907;3.778;2.566;25.306;7.592;0
336;0.764;0.284;1.848;1.841;0.664;0.657;189.806;0.171;2.041;2.333;2.625;12.944;6.563;0
337;0.827;0.307;2.124;1.764;0.643;0.62;195.667;0.174;2.186;3.722;2.271;15.972;6.609;0
338;0.657;0.251;2.798;1.788;0.641;0.605;188.917;0.158;1.782;3.5;2.864;7.222;3.824;0
339;0.585;0.231;1.992;2.158;0.705;0.724;186.528;0.232;1.338;1.833;4.125;0.222;8;0
340;0.254;0.127;2.557;1.566;0.61;0.573;180.056;0.051;0.703;5.333;2.37;18.25;5.43;0
341;0.255;0.126;2.39;1.602;0.607;0.552;181.077;0.051;0.752;6;2.229;18.463;5.854;0
342;0.506;0.211;1.986;2.232;0.704;0.72;187.194;0.197;1.182;1.528;3.438;0.278;5;0
343;0.51;0.21;2.1;1.459;0.688;0.656;189.278;0.151;1.211;2.667;2.824;3.556;4.571;0
344;0.726;0.314;1.767;1.877;0.547;0.51;186.029;0.12;2.109;8.086;2.339;29.999;8.75;0
345;0.506;0.225;1.865;2.035;0.563;0.531;183.361;0.07;1.399;6.75;2.077;38.972;8.351;0
346;0.546;0.248;2.077;2.209;0.58;0.544;186.306;0.083;1.587;5.685;2.125;36.478;7.838;0
347;0.401;0.19;1.601;2.111;0.622;0.611;190.688;0.048;1.03;5.156;2.2;43.219;9.739;0
348;0.506;0.261;1.24;2.032;0.627;0.603;190.222;0.093;1.382;5.583;2.161;21.639;5.228;0
349;0.119;0.065;1.589;1.696;0.726;0.716;190.25;0.026;0.315;2.972;2.432;14.667;6.14;0
350;0.101;0.056;0.807;1.253;0.765;0.749;185.167;0.036;0.228;1.361;1.69;0.75;2.455;0
351;1.612;0.48;1.149;1.104;0.805;0.8;206;0.807;2.938;0;0;0;0;0
352;0.404;0.207;1.559;2.474;;;189.486;0.039;1.165;6.591;2.444;47.723;7.622;0.013
354;0.681;0.324;1.173;2.042;0.588;0.555;186.692;0.136;1.812;5.807;2.475;19.114;5.713;0
355;0.539;0.265;1.854;1.994;0.61;0.58;188.306;0.127;1.487;6.222;2.196;7.25;4.579;0
356;0.998;0.425;2.07;3.272;0.439;0.384;177.543;0.055;3.497;16.714;2.773;102.255;9.468;0
357;0.739;0.32;1.186;2.276;0.518;0.475;174.444;0.113;2.359;10.056;2.397;38.778;9.184;0
358;0.572;0.242;0.835;2.048;0.528;0.476;179.812;0.107;1.666;8.188;2.426;23.25;6.098;0
359;0.915;0.353;1.406;1.546;0.62;0.6;179.083;0.267;2.543;5.194;1.798;1.639;4.917;0
360;0.819;0.318;1.205;1.314;0.666;0.647;180.556;0.289;2.03;3.25;1.56;0.222;8;0
361;0.369;0.173;1.207;1.933;0.638;0.619;178.472;0.088;1.003;4.389;2.107;7.889;5.68;0
363;0.335;0.164;0.672;1.407;0.678;0.63;197.114;0.092;0.848;1.179;1.242;7.85;2.814;0.004
364;0.631;0.281;1.035;1.174;0.746;0.734;179.361;0.269;1.393;1.222;1.571;0;0;0
366;1.652;0.53;1.098;0.981;0.759;0.762;183.611;0.798;3.635;1.028;1.762;0;0;0
367;0.641;0.206;1.98;2.328;0.697;0.705;194.357;0.066;1.651;2.857;2.667;64.637;11.753;0
368;0.96;0.332;1.071;1.064;0.785;0.797;184.056;0.444;1.986;0.583;2.1;0;0;0
370;0.71;0.253;1.062;1.215;0.786;0.797;182.361;0.298;1.48;0.694;1.923;0;0;0
371;1.236;0.504;0.62;0.684;0.889;0.92;176.889;0.769;1.961;0;0;0;0;0
372;1.575;0.473;1.415;1.097;0.805;0.802;205.333;0.808;2.91;0;0;0;0;0
373;1.579;0.477;1.173;1.127;0.809;0.812;206.889;0.795;2.86;0;0;0;0;0
374;0.195;0.103;0.938;1.384;0.718;0.702;177.25;0.064;0.464;1.417;1.417;4.667;3.733;0
375;0.575;0.312;2.444;1.855;0.868;0.865;173.306;0.017;1.134;0;0;89.392;47.258;0.006
376;;;;;;;;;;;;;;
377;0.975;0.366;1.737;1.803;0.638;0.63;195.389;0.246;2.524;2.972;2.058;8.917;5.944;0
378;0.708;0.279;2.429;2.095;0.635;0.637;189.278;0.148;2.005;4.694;3.189;15.472;4.802;0
379;0.601;0.294;-0.063;2.521;0.584;0.507;164;0.056;1.891;7.165;3.071;47.656;7.333;0
380;0.591;0.281;1.045;2.512;0.571;0.542;159.667;0.075;1.959;7.667;2.556;44.448;4.348;0
381;0.602;0.273;1.662;2.523;0.581;0.557;176;0.068;1.884;6;3.323;49.722;7.306;0
382;0.602;0.298;0.656;2.598;0.608;0.549;169.8;0.07;2.014;7.601;4.75;41.406;9;0
383;0.553;0.238;2.145;2.771;0.523;0.496;176.389;0.055;1.932;12.139;2.856;72.028;8.311;0
384;0.53;0.253;1.388;2.644;0.586;0.571;163.85;0.065;1.688;6.45;2.58;44.3;6.196;0
385;0.525;0.235;2.464;2.129;0.547;0.507;170.318;0.085;1.662;9.363;2.943;31.18;6.596;0
386;0.392;0.193;2.154;2.512;0.606;0.591;161.793;0.054;1.194;6.69;3.88;40.76;6.912;0
387;0.462;0.222;2.134;2.332;0.588;0.551;169.167;0.073;1.419;7.25;3.222;32.25;7.302;0
388;0.387;0.186;2.489;2.212;0.529;0.475;163;0.055;1.201;9.777;2.75;38.775;5.288;0
389;0.354;0.176;2.086;1.295;0.637;0.562;184.528;0.112;1.155;4.139;5.138;1.167;1.826;0
390;0.19;0.103;1.522;1.397;0.697;0.666;175.333;0.044;0.477;2.636;1.812;13.455;5.415;0
391;0.14;0.076;1.189;1.665;0.668;0.635;185.222;0.029;0.36;4.556;1.708;17.112;6.696;0
392;1.219;0.68;-0.331;0.48;0.876;0.89;179.684;0.785;1.647;0;0;5.947;4.346;0
393;0.254;0.128;0.889;1.674;0.696;0.666;167.222;0.077;0.711;1.778;3.556;0;0;0
394;0.347;0.171;1.512;1.921;0.682;0.682;174.71;0.086;0.952;1.516;7.833;7.387;7.387;0
395;0.132;0.073;1.648;1.61;0.799;0.794;185.2;0.042;0.29;0.971;1.36;1.057;2.643;0
396;0.123;0.068;1.366;1.256;0.781;0.769;179.167;0.049;0.266;0.639;1.533;0.083;1.5;0
397;0.343;0.171;0.811;1.969;0.689;0.695;175.056;0.086;0.9;1.611;6.444;7.417;8.9;0
398;0.135;0.073;0.679;0.765;0.799;0.786;183.139;0.067;0.245;0.556;1.053;0;0;0
399;1.316;0.433;0.994;1.143;0.805;0.8;204.059;0.667;2.396;0;0;0;0;0
401;1.604;0.488;1.51;1.495;0.671;0.662;188.333;0.547;4.113;2.278;2.05;0.028;1;0
402;2.017;0.588;1.783;1.838;0.643;0.619;205.889;0.581;5.425;2.444;1.692;0.417;3.75;0
403;1.835;0.551;1.752;1.666;0.657;0.638;195.917;0.584;4.819;2.25;1.976;0;0;0
404;1.582;0.483;1.061;1.466;0.729;0.731;203.056;0.624;3.657;0.833;1.765;0;0;0
405;0.973;0.322;1.693;1.272;0.8;0.828;193.25;0.356;2.009;0.389;1.75;0.194;2.333;0
406;0.785;0.261;1.699;1.46;0.782;0.807;194.667;0.257;1.746;0.028;1;1.667;4;0
407;;;;;;;;;;;;;;
408;1.088;0.393;1.28;1.465;0.766;0.78;208.806;0.417;2.531;0.306;1.571;0.306;11;0
409;0.968;0.326;1.45;1.272;0.769;0.773;206.917;0.38;2.236;0.472;2.125;0.111;1.333;0
410;;;;;;;;;;;;;;
411;0.446;0.174;2.498;1.755;0.715;0.698;190.375;0.116;1.092;1.469;2.043;10.25;3.77;0
412;0.751;0.272;1.83;1.396;0.774;0.779;205.444;0.292;1.691;0.611;2.75;0.028;1;0
413;0.221;0.075;3.851;16.428;0.353;0.291;220.629;0;1.069;117.073;10.095;207.472;17.935;0.308
414;0.184;0.062;5.272;;0.331;0.268;217.722;0;0.902;180.028;21.042;228.139;22.019;0.507
415;0.209;0.08;1.338;1.767;0.827;0.822;188.556;0.057;0.462;0;0;8.333;3.75;0
416;0.168;0.064;2.303;2.733;0.868;0.888;184.194;0.011;0.48;0;0;57.222;15.846;0.029
422;0.531;0.187;1.691;1.123;0.771;0.772;199.472;0.188;1.211;0.861;2.214;2;4.8;0
423;0.472;0.179;1.622;1.254;0.758;0.762;193.694;0.161;1.108;0.417;2.5;2.361;4.474;0
426;0.338;0.13;1.41;1.416;0.786;0.798;192.03;0.115;0.7;0;0;3.333;3.438;0
428;0.45;0.191;1.909;1.657;0.687;0.66;182.528;0.105;1.135;2.111;2.054;12.085;5.058;0
429;0.334;0.15;0.983;1.674;0.698;0.679;180.583;0.091;0.831;2.361;1.635;6.5;5.442;0
430;0.356;0.157;1.226;1.651;0.65;0.625;180.944;0.081;0.93;2.725;1.922;14.484;5.21;0
431;0.256;0.113;0.989;1.456;0.731;0.711;188.794;0.077;0.59;1.176;1.29;4;4.121;0
432;0.199;0.092;0.821;1.509;0.719;0.7;181.583;0.052;0.458;2.083;1.562;8.528;4.264;0
433;0.272;0.126;1.496;1.404;0.754;0.737;182.278;0.085;0.611;1.056;1.52;5.917;6.871;0
434;0.254;0.123;1.294;1.303;0.759;0.745;180.972;0.095;0.551;1;2;0.028;1;0
435;0.365;0.17;0.632;1.114;0.815;0.805;174.429;0.162;0.684;0.143;1;0;0;0
436;0.869;0.342;1.717;1.411;0.733;0.738;200.139;0.314;2.139;1.139;1.708;0.306;3.667;0
437;0.803;0.314;1.743;1.398;0.739;0.744;199.971;0.279;2.065;1.286;1.8;0.029;1;0
438;0.737;0.299;1.7;1.45;0.721;0.714;196.222;0.229;1.858;1.222;1.467;1.417;3;0
439;0.86;0.351;1.172;1.3;0.76;0.741;198.778;0.324;1.92;0.833;1.429;0.25;1.125;0
440;0.779;0.316;1.476;1.231;0.761;0.768;199.364;0.307;1.845;0.697;1.353;0.091;1;0
441;0.606;0.275;1.702;1.619;0.673;0.65;184.346;0.17;1.522;3.192;1.482;6.961;5.324;0
442;0.719;0.311;1.519;1.365;0.694;0.663;192.75;0.245;1.78;2.222;1.429;2.083;2.778;0
443;0.672;0.3;1.756;1.489;0.678;0.636;188.417;0.209;1.696;2.389;1.365;5.056;4.233;0
444;0.623;0.279;1.364;1.733;0.652;0.604;182.423;0.159;1.645;3.115;1.528;6.077;3.511;0
445;0.837;0.304;0.693;1.205;0.804;0.822;202.194;0.37;1.758;0.25;1.125;0;0;0
446;0.807;0.293;1.28;1.172;0.802;0.813;200.171;0.348;1.776;0.429;1.25;0;0;0
447;0.42;0.17;0.975;1.133;0.672;0.644;185.083;0.135;0.892;2.861;1.304;5.111;3.345;0
448;0.681;0.259;1.162;1.135;0.764;0.752;199.056;0.285;1.505;0.889;1.333;0;0;0
449;0.604;0.23;1.035;1.707;0.673;0.665;196.583;0.134;1.668;3.611;2.321;12.333;5.349;0
450;0.684;0.268;1.478;1.546;0.673;0.653;198.222;0.173;1.772;3.496;1.676;6.457;4.771;0
451;0.467;0.194;1.382;1.463;0.643;0.599;188.194;0.132;1.243;3.917;1.621;6.222;3.733;0
452;0.55;0.222;1.378;1.195;0.742;0.73;190.75;0.208;1.246;1.333;1.333;1.389;4.545;0
453;1.823;0.61;1.258;1.336;0.794;0.818;219.828;0.742;4.044;0.173;1.667;0.173;1.25;0
454;1.043;0.367;0.576;1.174;0.803;0.836;203.056;0.446;2.274;0.111;1.333;0;0;0
455;0.449;0.21;1.176;1.894;0.563;0.521;177.111;0.077;1.234;7.611;1.734;25.222;4.729;0
456;0.638;0.26;1.125;1.299;0.748;0.742;194.972;0.26;1.418;1.365;1.4;0.223;2.667;0
457;0.675;0.256;1.679;1.377;0.755;0.747;196.567;0.235;1.546;0.3;1.125;1.7;3.188;0
458;0.634;0.251;1.526;1.431;0.706;0.677;200.667;0.199;1.564;1.474;1.432;2.086;3.75;0
459;0.325;0.138;2.43;1.698;0.631;0.599;186.545;0.074;0.859;4.954;1.677;13.363;4.667;0
460;0.428;0.184;1.505;1.447;0.683;0.648;189.667;0.126;1.084;2.585;1.632;3.641;2.382;0
461;0.376;0.168;1.062;1.487;0.76;0.755;181.806;0.109;0.841;0.639;1.533;7.194;7.618;0
462;0.31;0.143;1.08;1.478;0.699;0.685;181.889;0.076;0.732;2.806;1.712;10.056;7.87;0
463;0.378;0.165;1.919;1.462;0.692;0.658;191;0.106;0.933;2.621;1.689;7.621;3.81;0
464;0.315;0.139;2.116;1.718;0.711;0.694;186.75;0.083;0.717;2.7;1.688;7.85;1.915;0
465;0.292;0.13;1.627;1.368;0.569;0.519;173.538;0.081;0.725;5.962;1.802;6.001;3.545;0
466;0.36;0.16;1.6;1.165;0.546;0.502;178.923;0.106;0.994;8.73;1.831;3.538;5.75;0
467;0.29;0.137;1.588;1.689;0.449;0.39;168.278;0.045;0.816;11.556;2.178;35.056;5.71;0
468;0.271;0.129;1.489;1.674;0.471;0.41;167.389;0.047;0.714;9.778;2.186;27.333;4.847;0
469;0.568;0.234;2.011;1.714;0.698;0.688;189.667;0.134;1.432;2.111;2.235;11.056;4.628;0
470;0.473;0.21;1.522;1.7;0.705;0.682;186.333;0.128;1.153;1.417;1.457;6.444;4.64;0
471;3.162;0.845;1.703;2.539;0.651;0.534;245.278;0.697;8.305;0.111;1;9.917;5.174;0
472;2.141;0.569;1.135;2.031;0.707;0.718;238.028;0.512;5.914;0.167;1;8.694;2.087;0
473;2.363;0.634;0.705;1.912;0.736;0.722;239.417;0.651;5.728;0.111;1.333;1.722;1.476;0
474;2.202;0.601;0.705;1.782;0.752;0.753;237.25;0.684;5.16;0.083;1.5;0.528;1.188;0
475;3.045;0.817;1.276;1.948;0.752;0.815;237.75;0.891;7.599;0.028;1;6.639;18.385;0
476;2.871;0.761;1.264;2.363;0.715;0.77;240.611;0.712;8.063;0.056;1;5.723;18.727;0
477;2.288;0.605;0.81;2.55;0.683;0.737;242.292;0.43;6.793;0.083;1;23.375;11.449;0
478;2.645;0.702;1.711;3.073;0.653;0.685;244.542;0.377;8.166;0.25;1.2;44.917;21.137;0
479;2.538;0.689;0.739;2.176;0.722;0.778;240.611;0.669;6.918;0.056;1;1.863;8.375;0
480;1.681;0.511;1.123;2.301;0.645;0.657;226.194;0.324;4.951;0.556;1.25;20.306;10.443;0
481;2.209;0.6;1.344;1.785;0.764;0.808;234.08;0.757;5.015;0.04;1;0;0;0
482;1.814;0.53;0.908;1.875;0.751;0.787;232.722;0.57;4.291;0.111;1;0.167;1;0
483;1.407;0.4;1.13;1.882;0.738;0.778;235.529;0.371;3.436;0.118;1;1.177;2.5;0
484;1.688;0.5;0.874;1.768;0.753;0.79;232.833;0.553;3.923;0.222;1.143;0.167;2;0
485;3.221;0.826;1.82;1.577;0.8;0.891;230.7;1.21;7.017;0;0;0;0;0
486;1.759;0.501;0.231;1.5;0.771;0.828;227.194;0.688;4.199;0.028;1;0.028;1;0
487;1.686;0.498;0.344;1.748;0.762;0.803;231.194;0.578;3.832;0.028;1;0.056;1;0
488;1.297;0.413;1.307;1.164;0.808;0.839;214.267;0.616;2.656;0.1;1;0;0;0
489;1.783;0.517;0.829;1.882;0.729;0.761;232.478;0.533;4.54;0.217;2.5;0.348;2.667;0
490;1.984;0.57;0.851;1.288;0.805;0.859;219.722;0.866;4.169;0;0;0;0;0
491;1.662;0.481;1.324;1.564;0.772;0.823;216.278;0.57;3.802;0;0;0.972;11.667;0
492;2.945;0.774;2.028;2.094;0.584;0.545;208;0.707;9.231;3.714;1.625;3.214;5;0
493;2.723;0.746;1.47;1.875;0.661;0.645;209.722;0.813;7.42;1.194;1.536;0.306;2.75;0
494;1.66;0.48;1.598;1.413;0.751;0.767;208.194;0.652;3.896;0.472;1.214;0.167;2;0
495;0.94;0.302;1.455;1.241;0.812;0.842;208.769;0.404;1.976;0.308;2.667;0;0;0
496;1.271;0.348;0.275;1.289;0.778;0.81;201.194;0.505;2.839;0.278;1.429;0.472;8.5;0
497;1.454;0.422;1.797;1.384;0.759;0.772;206.139;0.606;3.302;0.25;1;0;0;0
498;1.501;0.425;1.139;1.252;0.841;0.928;215;0.669;2.939;0;0;0;0;0
499;1.525;0.455;0.839;1.487;0.776;0.803;223.611;0.589;3.302;0;0;0;0;0
500;1.161;0.426;0.715;1.717;0.703;0.713;214.889;0.323;2.95;1.889;2.833;5.972;7.414;0
501;1.485;0.444;0.997;1.458;0.782;0.81;222.667;0.604;3.112;0;0;0;0;0
503;1.462;0.447;0.684;1.437;0.784;0.815;223.056;0.584;3.117;0;0;0;0;0
504;1.445;0.438;1.036;1.368;0.791;0.823;220.815;0.611;2.988;0;0;0;0;0
505;1.049;0.371;2.001;1.717;0.69;0.683;210.639;0.299;2.69;2.139;2.333;1.889;5.667;0
506;0.671;0.26;1.85;2.52;0.501;0.449;196;0.088;2.11;8.909;2.108;48.361;8.512;0
507;1.03;0.374;1.84;1.761;0.631;0.487;198.278;0.241;2.604;1.472;1.656;10.417;2.18;0
508;0.599;0.268;2.094;2.33;0.457;0.407;169.042;0.056;2.018;13.958;2.055;55.458;7.694;0
509;1.419;0.46;1.494;1.689;0.645;0.603;186.694;0.403;3.743;2;1.469;4.278;3.143;0
510;1.996;0.688;0.861;1.287;0.773;0.79;213.583;0.795;4.307;0.472;1.417;0;0;0
511;1.38;0.428;2.759;1.725;0.578;0.533;169.478;0.333;4.255;5.391;1.797;10.956;6.3;0
512;1.1;0.362;2.197;2.21;0.523;0.46;167.086;0.168;3.479;7.571;1.828;35.228;5.762;0
513;1.512;0.523;1.209;1.381;0.745;0.734;202.886;0.588;3.453;0.714;1.389;0.086;1.5;0
514;0.834;0.289;2.266;2.299;0.625;0.576;176.643;0.096;2.301;3.073;1.72;48.059;7.31;0
515;1.227;0.425;1.667;1.294;0.716;0.699;187.536;0.429;2.949;1.679;1.424;0;0;0
516;0.916;0.329;2.248;1.917;0.554;0.506;166.296;0.179;3.052;7.555;1.759;20.999;7.088;0
517;1.007;0.352;3.474;2.417;0.342;0.275;170.846;0.076;3.374;20.46;2.407;106.648;9.662;0
518;1.047;0.378;1.792;1.484;0.638;0.603;182.417;0.323;2.777;4.278;1.556;1.833;4.125;0
519;1.16;0.405;1.998;1.509;0.651;0.621;178.833;0.355;3.116;2.944;1.452;1.472;3.118;0
520;0.656;0.288;2.347;3.008;0.403;0.341;175.389;0.049;2.389;17.944;2.358;95.833;8.712;0
521;1.326;0.427;0.945;1.376;0.779;0.794;216.611;0.564;2.75;0.028;1;0;0;0
523;0.568;0.257;1.623;2.192;0.489;0.42;163.306;0.063;1.957;10.528;1.867;43.389;6.912;0
524;1.876;0.464;1.223;1.18;0.822;0.899;215.389;0.867;4.088;0;0;0;0;0
525;2.217;0.619;1.066;2.302;0.77;0.871;245.769;0.686;5.485;0;0;0;0;0
526;1.977;0.537;1.277;1.747;0.787;0.868;235.583;0.752;4.609;0;0;0;0;0
527;1.821;0.486;1.24;1.606;0.78;0.832;228.038;0.683;4.148;0;0;0;0;0
528;4.361;1.115;0.455;5.486;0.645;0.66;276.944;0.376;14.873;12.833;2.511;133.806;60.975;0
529;4.783;1.158;0.673;6.152;0.612;0.611;286.722;0.282;18.143;46.444;5.95;157.917;70.185;0
530;3.235;0.812;0.569;4.532;0.689;0.728;272.333;0.468;9.977;2.278;1.64;81.583;32.275;0
531;6.996;1.653;0.017;7.698;0.591;0.575;284.944;0.165;26.617;61.667;6.916;171.5;54.637;0
532;6.15;1.443;0.358;6.741;0.618;0.619;279.611;0.262;21.803;33.583;3.484;155.694;55.495;0
533;3.426;0.836;0.858;4.396;0.69;0.724;271.278;0.52;10.504;1.972;1.42;74.194;30.701;0
534;2.758;0.756;1.349;3.562;0.705;0.773;258.778;0.504;8.066;0.528;1.462;33.694;10.735;0
535;4.408;1.012;0.789;4.801;0.685;0.751;277;0.494;14.082;3.278;1.735;107.25;45.424;0
536;3.28;0.756;0.815;4.587;0.68;0.742;276.167;0.399;10.812;6.5;2.34;95.361;38.144;0
537;2.834;0.716;0.885;3.973;0.717;0.77;265.972;0.495;8.05;0.306;1.1;38.972;14.03;0
538;2.498;0.647;1.085;3.237;0.745;0.802;259.028;0.563;6.481;0.056;2;7.944;7.15;0
539;2.825;0.71;0.996;2.7;0.702;0.737;254.194;0.689;8.307;1.032;1.391;3.516;13.625;0
540;2.436;0.63;0.872;3.085;0.748;0.802;257.111;0.59;6.201;0.056;2;2.972;3.963;0
541;2.283;0.594;0.984;2.792;0.76;0.815;253.556;0.642;5.527;0.028;1;0;0;0
542;1.483;0.323;0.142;2.743;0.696;0.722;256.571;0.259;4.149;0.286;1;28.283;22;0
543;1.656;0.394;1.311;2.696;0.716;0.746;251.444;0.432;4.514;0.361;1.3;1.75;4.5;0
544;2.214;0.546;1.075;1.469;0.75;0.688;236.278;0.759;4.902;0;0;1.583;1.326;0
545;3.583;0.924;0.905;3.525;0.702;0.762;257.889;0.656;10.027;0.5;1.385;31.472;16.91;0
546;2.446;0.663;0.534;2.806;0.64;0.674;239.824;0.433;7.175;2.294;1.696;27.942;14.844;0
547;2.083;0.527;1.069;1.654;0.761;0.74;239.444;0.744;4.689;0.028;1;0.167;1.2;0
548;2.521;0.652;0.943;1.888;0.757;0.733;243.861;0.818;5.708;0.028;1;0.722;1.368;0
549;1.649;0.466;0.985;2.174;0.74;0.806;239.222;0.478;4.117;0.306;1;2.139;11;0
550;1.557;0.476;1.45;1.711;0.735;0.775;224.028;0.53;3.781;0.194;1;0;0;0
551;;;;;;;;;;;;;;
552;0.68;0.183;0.505;2.499;0.597;0.588;236.694;0.106;1.97;4;1.5;39.25;15.032;0
553;;;;;;;;;;;;;;
554;1.988;0.624;1.697;2.018;0.71;0.765;223.368;0.575;5.525;0.368;2.333;4.158;5.643;0
555;1.474;0.485;1.415;1.524;0.737;0.758;209.528;0.528;3.568;0.278;1.429;0.111;4;0
556;1.375;0.451;1.542;1.411;0.777;0.846;207.389;0.55;3.112;0;0;0;0;0
557;1.422;0.431;1.338;1.697;0.737;0.78;221.333;0.478;3.422;0.083;1;0;0;0
558;2.319;0.621;1.072;1.843;0.772;0.767;240.889;0.792;5.06;0;0;0.083;1;0
559;1.677;0.431;2.008;1.269;0.749;0.766;179.417;0.735;3.747;0.542;1.444;0;0;0
560;2.357;0.728;1.111;0.776;0.88;0.912;183.143;1.445;3.884;0;0;0;0;0
561;1.977;0.578;1.356;0.669;0.881;0.917;179.333;1.219;3.325;0;0;0;0;0
562;1.687;0.534;0.763;0.873;0.851;0.871;182.833;0.966;2.98;0;0;0;0;0
563;1.489;0.461;1.461;1.018;0.862;0.95;180.472;0.767;2.662;0;0;0.111;4;0
564;1.104;0.332;1.574;1.442;0.754;0.761;194.167;0.397;2.513;0.306;1.375;0.222;2.667;0
565;2.399;0.571;1.331;1.939;0.694;0.759;220.056;0.705;6.694;0.833;1.765;0.5;9;0
566;2.442;0.561;1.49;1.792;0.709;0.777;211.333;0.681;6.47;1.139;2.05;3.389;8.714;0
567;2.558;0.566;1.95;1.661;0.702;0.748;200;0.767;6.619;1.75;2.1;2.417;9.667;0
568;2.035;0.483;1.92;1.371;0.763;0.785;180;0.843;4.531;0.694;1.25;0;0;0
569;2.682;0.596;1.795;1.571;0.712;0.749;192.778;0.947;6.605;1.583;1.966;0;0;0
570;3.42;0.724;1.275;1.471;0.7;0.722;183.75;1.282;8.344;2.167;1.472;0.528;6.333;0
571;2.773;0.619;1.674;1.521;0.716;0.744;189.694;1.025;6.772;1.333;1.714;0;0;0
572;3.394;0.937;1.217;1.215;0.782;0.814;179.5;1.548;7.007;0.361;1.182;1.333;12;0
573;;;;;;;;;;;;;;
574;2.489;0.75;1.21;1.518;0.657;0.636;177.861;0.928;6.495;2.167;1.345;0;0;0
575;1.583;0.52;1.113;2.059;0.721;0.77;222.778;0.441;3.924;0.167;1.5;2.528;6.5;0
576;1.465;0.482;1.463;2.023;0.714;0.754;222.25;0.395;3.703;0.278;1.667;4.056;9.125;0
577;1.404;0.432;3.287;1.929;0.697;0.704;213.7;0.371;3.673;0.5;1.667;2.4;3.429;0
578;1.153;0.387;1.627;1.81;0.73;0.767;213.222;0.328;2.813;0.222;2;4.139;9.933;0
579;1.158;0.393;0.938;1.458;0.776;0.809;209.971;0.458;2.622;0;0;0.23;2.667;0
580;0.866;0.285;1.215;1.159;0.828;0.854;193.522;0.395;1.662;0;0;0;0;0
581;0.947;0.329;0.496;1.176;0.794;0.809;201.889;0.418;1.994;0.028;1;0;0;0
582;1.019;0.342;1.545;1.37;0.783;0.813;202.25;0.415;2.21;0.083;2;0;0;0
583;0.456;0.171;1.501;1.391;0.774;0.779;186.241;0.175;1;0.103;1;1.138;4.125;0
584;0.968;0.341;0.824;1.3;0.787;0.813;206.056;0.409;2.063;0.056;2;0;0;0
585;1.014;0.333;1.04;1.165;0.82;0.848;216.4;0.474;2.068;0;0;0;0;0
586;1.096;0.382;0.349;1.076;0.828;0.84;209.167;0.56;2.088;0;0;0;0;0
587;0.978;0.361;1.066;1.131;0.835;0.861;205.889;0.487;1.862;0;0;0;0;0
588;0.863;0.284;1.698;1.749;0.691;0.681;177;0.258;2.304;0.879;1.812;3.212;4.818;0
589;0.768;0.295;1.248;1.113;0.823;0.841;186.528;0.362;1.512;0.167;2;0;0;0
590;0.86;0.29;1.81;1.425;0.753;0.772;175;0.32;2.112;0;0;0;0;0
591;0.896;0.294;1.749;2.342;0.624;0.633;153.515;0.127;2.716;2.879;3.065;36.577;8.267;0
592;0.968;0.314;2.711;1.481;0.741;0.777;160.6;0.361;2.38;0;0;0;0;0
593;1.309;0.369;1.752;1.935;0.658;0.678;157.8;0.26;3.663;1.3;6.5;18.45;10.543;0
594;1.277;0.375;1.227;1.95;0.602;0.562;160.318;0.252;3.807;2;2.316;18.362;3.961;0
595;0.72;0.219;2.411;1.503;0.742;0.736;166.417;0.21;1.752;1.361;3.5;4.417;3;0
596;1.016;0.298;1.427;1.831;0.697;0.735;164.083;0.245;2.815;0.25;2.25;11.111;5.405;0
597;0.953;0.321;0.877;1.263;0.78;0.815;168.722;0.411;2.184;0.028;1;0;0;0
598;0.964;0.336;1.282;1.159;0.818;0.85;191.028;0.474;1.912;0.056;2;0;0;0
599;0.843;0.298;0.525;1.134;0.85;0.878;178.208;0.405;1.57;0;0;0;0;0
600;1.137;0.328;3.16;1.566;0.732;0.762;166;0.343;2.747;1.286;1;0;0;0
601;1.043;0.393;1.117;1.014;0.827;0.84;192.172;0.499;2.021;0.034;1;0;0;0
602;2.053;0.544;2.091;1.169;0.804;0.772;212.625;0.89;3.902;0;0;0;0;0
603;1.113;0.365;0.786;1.332;0.788;0.799;209.375;0.487;2.294;0.042;1;0;0;0
604;1.364;0.459;1.617;1.087;0.812;0.828;205.75;0.622;2.786;0.15;1.5;0;0;0
605;1.152;0.395;1.23;1.313;0.791;0.799;209.944;0.512;2.396;0;0;0;0;0
606;1.068;0.381;1.042;1.414;0.79;0.816;205.735;0.424;2.198;0.118;2;0.059;1;0
607;1.038;0.361;1.635;1.226;0.789;0.791;205.893;0.466;2.154;0.179;1.25;0;0;0
608;0.614;0.207;3.14;1.565;0.635;0.594;169.6;0.179;1.758;3.4;1.7;3.999;3.636;0
609;1.055;0.371;1.1;1.189;0.803;0.813;205.556;0.494;2.065;0.167;1.5;0;0;0
610;1.422;0.414;1.499;1.364;0.741;0.723;188.361;0.574;3.087;0.028;1;0;0;0
611;1.272;0.391;1.637;1.242;0.763;0.742;185.417;0.566;2.662;0;0;0;0;0
612;1.141;0.371;1.613;1.232;0.76;0.746;180;0.498;2.404;0;0;0;0;0
613;1.357;0.418;1.497;1.158;0.781;0.774;191.167;0.629;2.663;0;0;0;0;0
614;1.272;0.403;1.389;1.105;0.788;0.783;189.694;0.617;2.455;0;0;0;0;0
615;1.098;0.375;1.314;1.217;0.776;0.75;177.222;0.497;2.208;0;0;0.113;1;0
616;1.061;0.365;1.351;1.18;0.78;0.78;179.083;0.488;2.117;0;0;0;0;0
617;1.163;0.386;1.312;1.069;0.797;0.799;183.833;0.598;2.223;0;0;0;0;0
618;4.409;0.829;1.331;2.239;0.645;0.627;227.278;0.947;11.809;0.722;1.3;13.917;8.213;0
619;4.07;0.8;1.542;1.956;0.64;0.59;217.556;1.079;10.269;0.611;1.467;4.111;4.111;0
620;2.079;0.496;1.585;2.106;0.613;0.551;212.361;0.414;5.485;0.528;1.583;18.639;5.368;0
621;3.706;0.689;1.338;2.539;0.652;0.668;239.167;0.593;10.334;0.922;1.375;30.125;9.8;0
622;4.438;0.84;2.109;2.183;0.705;0.748;239.5;1.029;11.377;0.4;1.333;11.002;15.714;0
623;4.014;0.777;2.423;2.355;0.625;0.583;220.714;0.891;10.02;0.43;1.5;9.883;4.6;0
624;5.252;1.006;1.645;2.139;0.652;0.62;232.139;1.47;13.853;1.167;1.273;0.833;3.333;0
625;;;;;;;;;;;;;;
626;0.786;0.275;1.608;1.222;0.715;0.686;172.444;0.279;1.808;0.889;1.455;3.194;7.188;0
627;1.439;0.413;1.373;1.293;0.714;0.688;181.972;0.579;3.369;1.029;1.233;0;0;0
628;1.191;0.37;1.121;1.165;0.733;0.69;181.25;0.524;2.594;0.611;1.375;0;0;0
629;1.123;0.371;1.177;0.904;0.796;0.789;176.972;0.605;2.186;0.139;1;0;0;0
630;0.771;0.284;1.321;1.078;0.873;0.914;180.361;0.396;1.448;0;0;0;0;0
631;0.757;0.299;1.538;2.19;0.547;0.492;142.25;0.14;2.399;9.252;2.752;24.839;3.634;0
632;0.673;0.271;1.657;2.087;0.578;0.54;146.722;0.135;2.186;7.223;3.421;18.086;3.557;0
633;0.675;0.272;1.815;2.253;0.568;0.521;150.194;0.123;2.107;8.036;2.331;24.969;5.161;0
634;0.784;0.299;1.011;0.704;0.788;0.767;170.333;0.454;1.513;0.222;1.333;0;0;0
635;0.788;0.279;1.024;0.775;0.739;0.705;172.778;0.419;1.706;0.917;1.737;0;0;0
636;3.585;0.728;1.62;1.513;0.726;0.643;228.167;1.339;7.634;0.167;2;1;1.44;0
637;2.952;0.642;1.627;1.308;0.766;0.767;224.333;1.385;5.888;0.194;1.75;0.028;1;0
638;2.649;0.6;1.545;1.41;0.754;0.754;225.5;1.2;5.381;0.168;2;0;0;0
639;2.445;0.59;1.415;1.195;0.792;0.795;213.833;1.222;4.482;0.139;1.667;0;0;0
640;3.567;0.718;1.187;2.273;0.604;0.555;220;0.801;9.696;1.676;1.5;12.373;4.663;0
641;3.981;0.811;1.214;2.419;0.525;0.435;207.361;0.806;12.272;4.197;1.238;17.345;7.518;0
642;2.357;0.541;0.902;2.011;0.591;0.523;192.667;0.624;6.275;1.058;1.583;4.538;5.258;0
643;2.147;0.518;1.171;1.822;0.613;0.545;191.139;0.641;5.564;1.111;1.429;0.5;1.5;0
644;1.976;0.451;1.087;2.151;0.543;0.472;185.583;0.402;5.667;4.057;1.49;17.116;5.867;0
645;1.753;0.429;2.059;2.097;0.522;0.454;191.139;0.327;5.287;6.013;1.532;22.244;6.549;0
646;1.088;0.368;0.865;0.873;0.828;0.818;184.375;0.608;1.953;0.25;1.143;0;0;0
647;0.811;0.297;1.042;0.64;0.843;0.84;176.667;0.519;1.392;0.028;1;0;0;0
648;0.752;0.281;0.574;0.621;0.84;0.838;176.917;0.488;1.28;0.139;1.667;0;0;0
649;0.711;0.298;0.697;0.588;0.818;0.815;171.611;0.455;1.19;0.611;1.467;0;0;0
650;0.725;0.285;0.608;0.522;0.842;0.845;178.552;0.472;1.144;0.276;1.6;0;0;0
651;0.624;0.256;2.09;2.328;0.438;0.368;149.083;0.076;2.655;20.996;4.016;66.075;6.927;0
652;0.559;0.232;1.843;1.928;0.632;0.621;149.167;0.126;1.74;4.7;5.633;11.848;6.656;0
653;0.638;0.266;1.475;1.577;0.722;0.734;156.281;0.218;1.669;1.282;6.833;0;0;0
654;0.674;0.275;1.785;2.21;0.566;0.52;147;0.138;2.104;8.227;2.667;16.871;6.194;0
655;0.632;0.257;0.913;0.854;0.839;0.855;166.194;0.344;1.189;0.028;1;0;0;0
656;0.882;0.358;1.627;1.784;0.668;0.657;149.5;0.24;2.456;2.487;3.069;5.394;5.848;0
657;0.856;0.354;1.489;1.758;0.693;0.691;153.472;0.262;2.322;1.724;3.263;0.723;1.529;0
658;0.832;0.343;1.503;1.436;0.735;0.742;156.556;0.316;2.058;0.837;2.5;0;0;0
659;1.014;0.413;2.064;2.069;0.646;0.623;146.222;0.222;3.004;3.757;2.271;12.588;4.989;0
660;0.75;0.32;1.455;2.037;0.645;0.632;142.6;0.16;2.285;3.12;1.938;13.688;2.566;0
661;1.417;0.561;1.869;2.399;0.608;0.593;145.167;0.282;4.38;5.562;2.105;18.688;4.253;0
662;0.808;0.32;1.409;1.908;0.652;0.636;146.389;0.208;2.33;4.259;3.06;4.259;3.326;0
663;0.929;0.383;1.505;1.58;0.705;0.68;157.083;0.312;2.349;1.281;1.586;0.084;1.5;0
664;0.941;0.392;1.526;1.676;0.741;0.756;158.444;0.326;2.376;0.418;2.5;0;0;0
665;0.824;0.33;1.253;0.888;0.751;0.724;155.528;0.415;1.849;0.917;1.941;0;0;0
666;0.872;0.357;0.956;0.691;0.846;0.854;166.25;0.529;1.628;0;0;0;0;0
667;1.655;0.493;1.416;1.526;0.715;0.695;171.194;0.616;3.903;0.957;1.259;0;0;0
668;1.356;0.442;1.308;1.497;0.721;0.699;167.028;0.516;3.157;1.009;1.565;0.785;4.667;0
669;1.24;0.418;1.139;1.492;0.722;0.701;167.111;0.477;2.935;0.985;1.591;0.056;1;0
670;2.232;0.628;1.591;1.461;0.728;0.73;178.5;0.838;5.477;0.696;1.19;1.029;7.4;0
671;1.921;0.553;1.564;1.444;0.723;0.717;173.111;0.707;4.582;0.933;1.1;0.933;4.714;0
672;1.611;0.524;1.407;1.383;0.752;0.754;175.972;0.694;3.541;0.695;1.136;0;0;0
673;0.906;0.349;1.986;1.622;0.643;0.609;159.306;0.28;2.451;5.067;2.022;0.947;2.429;0
674;0.536;0.231;1.245;0.886;0.763;0.753;166.222;0.262;1.021;1.391;2.174;0;0;0
675;;;;;;;;;;;;;;
676;0.74;0.152;1.069;1.233;0.756;0.776;239.083;0.137;1.336;2.677;2.209;23.585;22.622;0
677;1.605;0.332;1.986;0.985;0.737;0.727;217.639;0.707;3.641;0.945;2.615;0;0;0
678;1.892;0.416;2.135;1.64;0.694;0.63;225.444;0.595;4.439;0.417;2.5;0.111;2;0
679;0.729;0.169;2.127;0.862;0.743;0.746;228.167;0.215;2.056;2.917;2.333;0.278;1.429;0
680;1.72;0.474;1.014;0.906;0.824;0.81;203.306;0.997;3.037;0;0;0;0;0
681;1.666;0.473;1.041;0.845;0.834;0.824;200.083;0.984;2.848;0;0;0;0;0
682;2.379;0.5;1.681;1.946;0.714;0.714;227.417;0.674;5.74;0.257;1.286;2.859;6.25;0
683;2.344;0.492;2.424;2.275;;;241.229;0.587;5.462;0.204;1.4;7.359;9;0
684;2.877;0.618;1.717;1.515;0.753;0.744;228.028;1.136;6.091;0.167;2;0;0;0
685;5.813;1.252;1.408;1.154;0.796;0.712;219.472;2.856;10.801;0;0;0;0;0
686;3.357;0.74;1.021;0.663;0.792;0.728;212.222;1.803;6.656;0.083;1.5;0.25;9;0
687;3.604;0.749;1.684;2.425;0.74;0.757;252.444;0.918;8.761;0.194;1.167;6.057;7.267;0
688;1.788;0.47;1.006;1.325;0.772;0.813;203.75;0.739;3.547;0;0;0;0;0
689;1.583;0.433;1.092;1.343;0.769;0.811;201.222;0.648;3.213;0;0;0.056;2;0
690;1.225;0.36;0.892;1.073;0.803;0.853;197.188;0.59;2.308;0;0;0;0;0
691;1.317;0.408;0.882;0.884;0.834;0.871;189.222;0.721;2.301;0;0;0;0;0
692;2.735;0.601;1.782;1.135;0.741;0.769;225.861;0.995;6.147;0.954;1.36;0.112;4;0
693;2.648;0.605;1.347;1.431;0.683;0.651;215.417;0.936;6.221;1.147;1.323;0.224;4;0
694;2.082;0.502;1.245;1.261;0.721;0.701;208.306;0.862;4.535;0.556;1.333;0;0;0
695;1.909;0.462;0.916;1.629;0.673;0.657;197.667;0.621;4.599;0.308;1.833;2.405;4.778;0
696;;;;;;;;;;;;;;
697;1.367;0.396;0.643;0.818;0.904;0.971;198.139;0.716;2.214;0;0;0;0;0
698;0.731;0.265;0.975;0.989;0.734;0.702;169.889;0.35;1.481;1.75;1.615;0;0;0
699;0.975;0.349;1.374;1.215;0.66;0.617;167.5;0.381;2.53;2.696;1.492;0;0;0
700;0.691;0.243;0.827;0.713;0.625;0.591;162.694;0.31;1.608;6.508;2;0.056;2;0
701;0.695;0.246;0.909;0.906;0.669;0.63;160.639;0.305;1.672;3.64;2.62;0.167;1.2;0
702;0.702;0.256;1.282;0.918;0.699;0.673;161.833;0.311;1.664;2.501;2.432;0;0;0
703;0.749;0.263;1.372;0.849;0.656;0.603;162.139;0.312;1.753;3.89;1.647;1.139;4.1;0
704;0.597;0.211;1.207;1.128;0.567;0.524;159.889;0.194;1.546;7.14;2.048;1.98;2.958;0
705;0.481;0.183;1.123;1.258;0.577;0.533;153.067;0.17;1.267;7.697;1.855;1.071;5.333;0
706;1.259;0.474;1.743;1.855;0.627;0.595;152.972;0.336;3.753;4.997;1.884;3.573;2.844;0
707;1.771;0.569;1.159;1.853;0.671;0.649;168.639;0.559;4.667;1.875;1.489;0.308;2.75;0
708;1.829;0.605;1.313;1.787;0.675;0.661;168.722;0.593;4.872;2.006;1.565;0.167;3;0
709;1.847;0.62;1.163;1.772;0.695;0.688;171.361;0.579;4.76;1.261;1.406;0.252;1.5;0
710;2.669;0.631;1.025;1.892;0.805;0.8;246.972;1.071;5.708;0;0;0.111;1.333;0
711;2.694;0.636;1.303;1.829;0.803;0.798;246.194;1.064;5.748;0;0;0;0;0
712;2.552;0.61;1.304;1.695;0.811;0.808;243.083;1.104;5.229;0;0;0;0;0
713;2.407;0.595;1.305;1.542;0.815;0.809;241.083;1.105;4.904;0;0;0;0;0
714;2.473;0.603;1.166;1.321;0.816;0.829;228.917;1.152;4.578;0.028;1;0;0;0
715;1.131;0.249;2.267;1.016;0.681;0.651;207.667;0.468;3.083;2.489;1.978;0;0;0
716;1.113;0.264;3.018;3.48;0.514;0.427;230.286;0.169;3.379;5.432;1.81;49.891;6.585;0
717;1.407;0.33;2.345;2.465;0.595;0.541;206.222;0.263;3.742;1.365;1.441;22.144;6.913;0
718;3.735;0.734;1.624;1.866;0.612;0.568;208.333;1.069;10.2;2.227;1.481;0.306;2.75;0
719;1.351;0.428;1.513;1.124;0.707;0.681;178.944;0.559;3.024;1.641;1.513;0;0;0
720;0.931;0.329;1.671;1.388;0.658;0.618;165.472;0.291;2.294;2.951;1.582;3.313;3.132;0
721;3.05;0.644;1.07;1.359;0.795;0.867;214.083;1.316;5.995;0;0;0;0;0
722;0.842;0.182;2.781;1.247;0.614;0.613;223.417;0.27;2.899;8.613;3.523;1.695;10.167;0
723;3.299;0.655;1.087;1.664;0.706;0.688;215.556;1.193;7.614;0.556;1.111;0;0;0
724;3.461;0.683;1.685;1.462;0.665;0.636;202.611;1.143;8.149;1.306;1.306;0;0;0
725;3.762;0.728;1.27;1.453;0.684;0.665;205.5;1.283;8.744;1.195;1.344;0;0;0
726;2.922;0.6;1.492;1.635;0.612;0.561;194.5;0.895;7.655;2.113;1.288;1.057;6.333;0
728;3.259;0.695;1.14;1.634;0.765;0.754;231.611;1.291;6.752;0.167;1.2;0;0;0
729;3.89;0.69;0.914;2.049;0.715;0.683;238.556;1.322;9.268;0.528;1.357;0;0;0
730;3.305;0.633;1.33;2.011;0.69;0.674;223.417;0.952;7.968;0.583;1.235;0.861;3.444;0
731;2.025;0.446;1.261;1.901;0.582;0.513;176.778;0.564;5.691;3.223;1.706;2.362;4.048;0
732;0.659;0.227;1.282;1.037;0.612;0.573;159.972;0.248;1.634;5.612;1.629;0;0;0
733;0.719;0.249;1.187;1.163;0.612;0.567;161.056;0.259;1.956;5.696;2.181;0.083;1.5;0
734;1.486;0.558;1.221;1.482;0.661;0.634;178.111;0.418;4.031;1.336;1.5;4.788;4.778;0
735;1.493;0.406;1.862;2.07;0.601;0.563;148.222;0.291;4.545;3.333;1.967;19.889;6.885;0
736;0.57;0.162;2.518;;;;144.028;0;2.042;17.918;3.682;158.196;27.361;0.358
737;0.892;0.277;1.851;2.346;0.65;0.652;158.611;0.211;2.537;1.722;2.385;6.722;5.5;0
738;0.897;0.284;1.988;1.789;0.722;0.743;163.75;0.283;2.23;0.222;1.6;0;0;0
739;1.122;0.363;0.994;0.833;0.764;0.741;177.833;0.626;2.373;0.333;1.333;0;0;0
740;2.845;0.708;1.603;2.325;0.572;0.521;146.5;0.478;8.899;5.25;2.589;25.028;8.921;0
741;1.576;0.418;1.848;1.648;0.665;0.624;179.639;0.515;4.06;0.139;1;0.306;2.75;0
742;0.103;0.038;3.373;2.466;0.805;0.904;188.472;0.014;0.362;4.778;11.467;42.833;12.537;0
743;0.933;0.316;1.418;1.552;0.754;0.786;175.889;0.302;2.075;0.333;3;0.611;3.143;0
744;0.858;0.254;2.118;4.102;0.518;0.486;146.667;0.053;3.165;13.806;3.654;105.944;13.197;0
746;1.037;0.328;0.661;0.75;0.777;0.756;179.806;0.609;2.084;0.556;1.176;0;0;0
747;1.342;0.41;1.181;0.97;0.731;0.7;176.722;0.647;3.105;0.306;1.1;0.056;2;0
748;0.928;0.308;1.948;2.474;0.617;0.591;161.361;0.149;2.707;2.417;1.554;34.222;8.052;0
749;0.902;0.25;2.532;6.232;0.46;0.408;139.222;0.006;3.434;34.056;5.783;162.583;23.793;0
750;0.809;0.278;1.459;2.283;0.644;0.665;168.306;0.122;2.222;1.191;3.5;35.377;12;0
751;0.71;0.241;1.43;0.86;0.728;0.699;172.778;0.347;1.574;1.361;1.361;0;0;0
752;;;;;;;;;;;;;;
753;1.283;0.37;1.598;1.272;0.712;0.671;174.778;0.539;3.028;0.222;1.333;0;0;0
754;0.377;0.137;1.835;3.099;0.774;0.859;191.057;0.036;1.109;0.6;5.25;56.456;11.356;0
755;0.913;0.294;2.006;2.104;0.634;0.612;169.722;0.184;2.532;0.722;3.714;17.668;4.855;0
756;0.237;0.085;3.868;3.005;0.732;0.79;185.639;0.006;0.825;4.222;6.909;69.556;8.183;0.025
757;0.852;0.277;1.825;1.516;0.801;0.855;180.917;0.318;1.796;0;0;0;0;0
758;0.081;0.03;4.22;4.043;0.763;0.882;188.722;0;0.333;20.062;25.786;112.006;56.775;0.064
759;2.648;0.667;1.751;2.368;0.565;0.513;145.639;0.47;8.425;5.333;2.63;26.5;7.453;0
760;1.499;0.391;1.863;2.133;0.597;0.557;148.286;0.336;4.397;4.571;2.078;9.743;4.21;0
761;1.016;0.334;1.415;0.808;0.798;0.784;176.694;0.568;1.962;0.139;1.25;0;0;0
762;0.963;0.325;0.677;0.773;0.751;0.724;181.75;0.523;2.017;0.722;1.368;0;0;0
763;0.669;0.22;1.33;0.858;0.811;0.794;178.206;0.384;1.21;0;0;0;0;0
764;0.566;0.19;1.939;1.684;0.642;0.602;158.722;0.16;1.567;3.278;1.475;2.611;2.848;0
766;1.18;0.394;1.679;2.298;0.58;0.546;163.083;0.199;3.545;3.083;2.22;28.556;6.993;0
767;0.7;0.233;1.711;1.154;0.746;0.735;167.719;0.314;1.579;0.437;1.167;0;0;0
768;1.074;0.349;0.675;0.759;0.809;0.797;179.583;0.61;1.978;0.111;1;0;0;0
769;1.2;0.386;1.132;0.661;0.755;0.726;175.778;0.687;2.528;0.861;1.292;0;0;0
770;0.649;0.219;1.911;1.254;0.662;0.62;166.457;0.217;1.659;3;1.5;3;5.833;0
771;3.114;0.775;2.064;2.382;0.551;0.501;144.833;0.522;9.595;6.083;2.639;30.222;11.574;0
772;1.011;0.323;1.274;1.07;0.601;0.548;169.571;0.395;2.898;5.393;1.36;0;0;0
773;1.755;0.52;0.871;0.607;0.796;0.778;179.519;1.039;3.293;0.704;1.056;0;0;0
774;1.33;0.391;1.46;1.502;0.546;0.473;162.818;0.396;4.311;8.227;1.392;0.5;2.2;0
776;0.793;0.259;1.371;1.628;0.668;0.622;156.72;0.217;1.995;0.56;2.333;4.96;3.543;0
777;3.088;0.71;1.633;1.957;0.564;0.499;176.414;0.681;9.272;3.035;1.66;11.38;4.853;0
778;0.879;0.289;1.372;0.842;0.838;0.839;174.444;0.549;1.609;0;0;0;0;0
779;0.71;0.206;1.403;1.876;0.399;0.337;158.455;0.109;3.16;30.634;2.774;63.269;6;0
780;1.605;0.414;2.304;2.906;0.541;0.489;141.385;0.149;5.243;7.269;2.739;60.535;8.793;0
782;1.021;0.33;1.912;2.889;0.538;0.498;159.806;0.099;3.328;4.972;2.266;67.167;8.729;0
783;1.546;0.373;1.395;2.556;0.511;0.429;176.139;0.178;5.164;3.389;2.033;48.222;6.156;0
784;0.648;0.237;0.993;0.991;0.731;0.694;174.139;0.305;1.361;1.361;1.289;2.972;7.643;0
785;2.655;0.612;1.076;2.62;0.499;0.419;180.286;0.366;8.59;6.238;1.845;42.906;6.529;0
786;0.54;0.179;1.962;1.657;0.79;0.861;178.611;0.179;1.305;0.167;6;0.639;4.6;0
787;0.409;0.137;1.963;1.727;0.794;0.853;185.25;0.133;0.968;0;0;0.899;2.909;0
788;0.667;0.219;1.779;1.478;0.736;0.737;167.583;0.245;1.534;0.252;1.286;0;0;0
789;;;;;;;;;;;;;;
790;0.836;0.341;1.414;2.982;0.423;0.341;138.5;0.074;3.131;19.784;2.451;87.491;7.081;0
791;0.647;0.223;0.826;1.011;0.896;0.954;188.667;0.343;1.025;0;0;0;0;0
792;1.608;0.41;1.735;2.514;0.564;0.507;143.083;0.217;4.973;5.278;2.375;44;6.069;0
793;1.406;0.44;0.866;0.782;0.758;0.727;175.2;0.827;3.115;0.3;1;0;0;0
795;1.195;0.433;1.063;0.976;0.862;0.889;185.556;0.601;2.217;0;0;0;0;0
796;1.058;0.342;1.147;0.806;0.856;0.858;181.306;0.571;1.812;0;0;0;0;0
797;6.031;1.224;1.149;4.278;0.599;0.61;263.639;0.714;22.167;16.972;2.668;103.528;31.585;0
798;3.658;0.724;1.226;1.635;0.714;0.644;243.722;0.963;8.752;0.222;1.6;7.5;1.617;0
799;1.981;0.432;0.971;2.112;0.706;0.748;239.345;0.48;5.204;0.759;1.375;5.897;6.107;0
800;5.929;1.259;2.051;4.116;0.585;0.553;263.714;0.503;19.285;8.856;1.476;101.419;71;0
801;3.397;0.871;1.101;3.459;0.714;0.8;259.361;0.633;10.248;0.75;2.455;25.25;19.34;0
802;2.532;0.637;1.389;3.023;0.722;0.806;257.889;0.533;7.449;0.25;2.25;13.556;12.842;0
803;2.437;0.619;1.404;2.319;0.764;0.829;251.25;0.778;6.277;0;0;0;0;0
804;0.264;0.068;3.521;1.225;0.413;0.386;240.333;0.046;1.163;25.694;4.818;53.083;10.219;0
805;2.067;0.52;1.714;2.147;0.628;0.458;242.639;0.46;5.448;0.472;1.308;9.556;1.72;0
806;3.029;0.692;1.238;1.546;0.725;0.631;239.429;0.896;6.919;0.107;1;2.679;1.339;0
807;2.479;0.606;1.515;2.275;0.726;0.793;240.556;0.67;6.594;0.111;1;1.139;2.562;0
808;3.337;0.738;1.668;2.389;0.721;0.741;242.056;0.893;8.927;0.528;2.111;2.972;3.963;0
809;3.656;0.691;1.156;1.236;0.819;0.804;226.333;1.837;6.759;0.028;1;0;0;0
810;3.71;0.673;1.497;1.162;0.765;0.755;210.889;1.745;7.46;0.167;1;0;0;0
811;5.922;1.265;1.214;1.201;0.756;0.734;202.639;2.574;11.445;0.139;1.25;0;0;0
812;3.121;0.82;1.407;3.495;0.674;0.695;261.778;0.579;9.746;2.972;2.816;26.389;7.364;0
813;3.788;1.097;0.682;5.995;0.64;0.673;273;0.231;12.513;9.445;2.482;140.844;72.429;0
814;3.793;1.043;0.719;6.219;0.615;0.67;288.083;0.102;14.237;41.694;5.58;154.639;99.411;0
815;2.496;0.74;1.304;2.616;0.714;0.791;257;0.67;7.769;0.667;1.412;0.444;4;0
816;2.745;0.757;1.145;4.021;0.708;0.761;265.417;0.513;8.212;0.417;1.364;31.333;4.7;0
817;0.302;0.099;0.058;2.215;0.863;0.938;252.583;0.146;0.584;0.722;1.13;0;0;0
818;1.575;0.502;1.542;1.65;0.747;0.826;237.861;0.502;4.369;0.361;2.6;0;0;0
819;2.443;0.721;1.182;3.079;0.66;0.668;254.028;0.499;7.936;3.611;1.806;15.639;17.061;0
820;1.065;0.305;1.502;3.193;0.64;0.657;264.194;0.217;3.983;15;4.186;14.639;13.513;0
821;2.365;0.687;1.543;1.866;0.657;0.488;250.944;0.362;6.15;0.056;1;34.222;1.884;0
822;1.583;0.565;1.732;1.896;0.677;0.702;185.111;0.426;4.276;1.056;1.9;6.028;10.85;0
823;1.386;0.493;0.778;1.527;0.729;0.776;196.389;0.454;3.385;0.5;2.25;0.111;1;0
824;1.472;0.525;1.328;1.772;0.7;0.74;188.083;0.436;3.865;0.694;2.273;0.722;3.25;0
825;1.29;0.504;1.528;1.752;0.681;0.695;193.167;0.373;3.441;1.222;1.913;3.694;4.433;0
826;0.789;0.365;1.412;2.326;0.591;0.578;164.722;0.126;2.379;5.694;2.971;38.222;7.56;0
827;0.893;0.379;1.437;1.854;0.68;0.7;180.139;0.236;2.36;1.889;2.345;4.528;5.621;0
828;0.367;0.18;1.903;1.668;0.637;0.61;178.611;0.099;1.017;4.167;2.308;1.083;2.438;0
829;0.651;0.299;1.099;2.027;0.658;0.676;176.667;0.155;1.835;2.361;3.269;9.917;7.933;0
830;0.728;0.261;0.233;1.497;0.303;0.227;200.111;0.048;3.807;40.67;3.978;134.121;13.411;0
831;1.113;0.415;1.584;2.853;0.43;0.355;172.528;0.133;4.365;19.917;2.737;70.917;8.958;0
832;1.201;0.453;-2.064;3.339;0.398;0.289;176.5;0.12;4.838;16.998;2.429;111.885;7.362;0
833;1.07;0.405;0.967;2.768;0.453;0.384;174.5;0.135;4.033;15.611;2.476;61.111;8.627;0
834;1.249;0.462;1.876;2.893;0.456;0.399;184.556;0.121;4.329;10.722;2.298;76;10.059;0
835;1.005;0.389;1.508;2.735;0.477;0.414;178.667;0.133;3.562;11.167;2.337;54.889;9.234;0
836;0.898;0.363;1.534;2.734;0.496;0.434;178.5;0.122;3.025;8.778;2.241;52.056;8.518;0
837;0.394;0.199;1.936;2.365;0.493;0.436;176.889;0.064;1.413;17.917;4.778;31.861;8.961;0
838;0.176;0.088;2.18;1.525;0.425;0.42;186.111;0.026;0.738;24.333;7.361;76.75;11.909;0
839;0.349;0.17;2.292;3.948;0.429;0.382;165.042;0.011;1.281;19.792;4.567;123.792;11.837;0.008
840;0.599;0.275;1.402;2.192;0.622;0.594;176.889;0.124;1.735;2.806;2.806;15.778;6.529;0
841;0.575;0.242;1.881;2.506;0.502;0.455;174.429;0.103;1.955;13.714;2.977;30.286;6.73;0
842;0.476;0.218;1.792;2.635;0.416;0.353;164.167;0.037;1.533;14.917;2.951;61.917;14.96;0
843;0.523;0.226;1.212;2.45;0.491;0.437;170.556;0.06;1.693;10.917;2.519;55.806;6.46;0
844;0.577;0.266;1.376;2.214;0.623;0.59;176.861;0.111;1.662;2.639;3.065;20.222;5.163;0
845;0.371;0.16;1.384;2.284;0.316;0.274;174.25;0.025;1.654;58.694;8.096;229.556;39.731;0
846;0.561;0.244;0.767;2.982;0.442;0.384;164.556;0.059;2.048;19.556;2.933;80.028;16.095;0
847;0.427;0.193;0.73;2.671;0.504;0.459;171.333;0.051;1.497;12.056;2.696;66;8.165;0
848;0.533;0.248;1.495;2.224;0.629;0.608;176.944;0.103;1.515;2.944;3.655;20.028;5.15;0
849;0.475;0.22;1.041;2.185;0.632;0.612;171.056;0.09;1.42;3.222;2.9;22.165;5.182;0
850;0.246;0.118;2.315;3.001;0.499;0.49;178.667;0.023;0.984;39.528;6.776;132.694;13.887;0
851;0.43;0.21;1.347;2.339;0.596;0.563;165.972;0.06;1.305;6.5;3.205;37;6.974;0
852;0.456;0.232;0.075;2.964;0.639;0.627;164.6;0.059;1.596;11.202;5.091;57.808;9.966;0
853;0.416;0.203;2.15;2.17;0.587;0.543;169.806;0.073;1.283;7.028;3.163;25.056;5.434;0
854;0.328;0.168;2.783;2.47;0.552;0.482;168.694;0.033;1.01;8.806;3.522;57.306;7.874;0
855;0.362;0.176;2.534;1.111;0.634;0.564;180.885;0.126;1.181;4.538;4.917;0.269;3.5;0
856;0.345;0.173;2.382;1.192;0.655;0.616;184.889;0.114;1.105;4.222;4.606;0;0;0
857;0.262;0.136;2.66;1.356;0.665;0.65;179.028;0.087;0.849;4.806;5.242;0.056;2;0
858;0.184;0.1;2.906;3.665;0.523;0.452;168.028;0.01;0.63;13.278;5.032;97;11.487;0
859;0.151;0.083;1.448;3.043;0.555;0.518;184.222;0.014;0.564;15.167;5.688;66.333;12.373;0
860;0.918;0.395;1.111;2.178;0.596;0.57;173.083;0.165;2.814;4.972;2.237;24.389;7.317;0
861;0.77;0.329;1.637;2.1;0.604;0.583;170.694;0.153;2.358;5.5;2.605;19.306;6.205;0
862;0.678;0.291;1.2;1.158;0.71;0.68;177.361;0.286;1.892;2.556;3.286;0;0;0
863;0.439;0.209;1.18;2.27;0.601;0.58;164.861;0.069;1.387;6.778;3.588;33.889;7.531;0
864;0.456;0.212;1.241;1.555;0.681;0.676;171.583;0.148;1.312;4.222;3.455;0.111;2;0
865;0.388;0.183;1.979;1.658;0.681;0.633;168.621;0.123;1.062;2.966;4.095;2.621;4.75;0
866;0.407;0.179;0.784;1.386;0.653;0.653;181.611;0.095;1.186;1.972;3.55;13.278;7.134;0
867;0.313;0.142;1.084;1.157;0.77;0.764;183.972;0.132;0.689;1.111;3.636;0;0;0
868;0.399;0.195;2.543;1.27;0.531;0.488;180.167;0.052;1.512;17.139;4.976;41.583;16.451;0
869;0.313;0.149;0.812;1.437;0.697;0.683;180.139;0.111;0.798;2.472;2.871;0.639;1.917;0
870;0.318;0.157;0.787;1.482;0.712;0.692;173.972;0.109;0.801;2.278;3.565;0;0;0
871;0.524;0.233;1.347;1.905;0.664;0.645;169.417;0.135;1.421;2.722;3.062;5.806;4.976;0
872;0.266;0.119;1.744;2.972;0.459;0.47;182.944;0.022;1.217;38.889;6.667;127.944;21.032;0
873;0.461;0.214;2.925;2.025;0.64;0.618;170.056;0.107;1.296;3.972;3.25;10.778;5.243;0
874;0.373;0.177;1.775;1.812;0.696;0.701;179.778;0.103;1.156;2.111;5.429;4.056;4.562;0
875;0.481;0.222;1.783;3.355;0.567;0.528;168.25;0.078;1.506;11.611;4.222;35.278;8.699;0
876;0.423;0.205;2.07;2.735;0.546;0.512;165.778;0.032;1.362;11.139;2.864;59.056;8.785;0
877;0.428;0.204;1.91;2.856;0.585;0.564;168;0.083;1.358;9.111;3.77;19.944;6.527;0
878;0.332;0.168;1.692;2.526;0.598;0.584;169.917;0.059;1.051;8.111;3.696;30.333;7.69;0
879;0.201;0.11;0.464;2.28;0.602;0.568;167.278;0.02;0.634;7.472;3.843;48.139;11.109;0
880;0.316;0.159;1.915;1.819;0.686;0.705;174.472;0.086;0.935;3.417;3.968;3.639;7.278;0
881;0.242;0.124;1.885;1.597;0.698;0.675;170.483;0.074;0.692;1.966;4.385;0;0;0
882;0.213;0.113;1.656;1.525;0.552;0.511;189.75;0.041;0.617;10.917;3.047;29.694;21.816;0
