YYYY;MM;DD;qobs;ckhs;qceq;qcol
2005;10;21;2.342;1;0;0
2005;10;22;2.332;1;0;0
2005;10;23;2.336;1;0;0
2005;10;24;2.333;1;0;0
2005;10;25;2.305;1;0;0
2005;10;26;2.291;1;0;0
2005;10;27;2.281;1;0;0
2005;10;28;2.256;1;0;0
2005;10;29;2.237;1;0;0
2005;10;30;2.226;1;0;0
2005;10;31;2.209;1;0;0
2005;11;1;2.193;1;0;0
2005;11;2;2.201;1;0;0
2005;11;3;2.159;1;0;0
2005;11;4;2.125;1;0;0
2005;11;5;2.114;1;0;0
2005;11;6;2.097;1;0;0
2005;11;7;2.085;1;0;0
2005;11;8;2.056;1;0;0
2005;11;9;2.012;1;0;0
2005;11;10;2.005;1;0;0
2005;11;11;1.996;1;0;0
2005;11;12;1.99;1;0;0
2005;11;13;1.97;1;0;0
2005;11;14;1.96;1;0;0
2005;11;15;1.954;1;0;0
2005;11;16;1.986;1;0;0
2005;11;17;1.967;1;0;0
2005;11;18;1.951;1;0;0
2005;11;19;1.941;1;0;0
2005;11;20;1.93;1;0;0
2005;11;21;1.975;1;0;0
2005;11;22;1.947;1;0;0
2005;11;23;1.919;1;0;0
2005;11;24;1.907;1;0;0
2005;11;25;1.905;1;0;0
2005;11;26;1.903;1;0;0
2005;11;27;1.902;1;0;0
2005;11;28;1.875;1;0;0
2005;11;29;1.867;1;0;0
2005;11;30;1.86;1;0;0
2005;12;1;1.844;1;0;0
2005;12;2;1.835;1;0;0
2005;12;3;1.828;1;0;0
2005;12;4;1.827;1;0;0
2005;12;5;1.85;1;0;0
2005;12;6;1.884;1;0;0
2005;12;7;1.896;1;0;0
2005;12;8;1.878;1;0;0
2005;12;9;1.852;1;0;0
2005;12;10;1.841;1;0;0
2005;12;11;1.818;1;0;0
2005;12;12;1.8;1;0;0
2005;12;13;1.807;1;0;0
2005;12;14;1.795;1;0;0
2005;12;15;1.798;1;0;0
2005;12;16;2.18;1;0;0
2005;12;17;2.132;1;0;0
2005;12;18;1.992;1;0;0
2005;12;19;1.936;1;0;0
2005;12;20;1.9;1;0;0
2005;12;21;1.851;1;0;0
2005;12;22;1.845;1;0;0
2005;12;23;1.857;1;0;0
2005;12;24;1.866;1;0;0
2005;12;25;1.899;1;0;0
2005;12;26;1.897;1;0;0
2005;12;27;1.863;1;0;0
2005;12;28;1.853;1;0;0
2005;12;29;1.83;1;0;0
2005;12;30;1.82;1;0;0
2005;12;31;1.806;1;0;0
2006;1;1;1.802;1;0;0
2006;1;2;1.799;1;0;0
2006;1;3;1.771;1;0;0
2006;1;4;1.787;1;0;0
2006;1;5;1.767;1;0;0
2006;1;6;1.764;1;0;0
2006;1;7;1.753;1;0;0
2006;1;8;1.736;1;0;0
2006;1;9;1.724;1;0;0
2006;1;10;1.716;1;0;0
2006;1;11;1.711;1;0;0
2006;1;12;1.702;1;0;0
2006;1;13;1.7;1;0;0
2006;1;14;1.69;1;0;0
2006;1;15;1.685;1;0;0
2006;1;16;1.688;1;0;0
2006;1;17;1.689;1;0;0
2006;1;18;1.719;1;0;0
2006;1;19;1.693;1;0;0
2006;1;20;1.692;1;0;0
2006;1;21;1.693;1;0;0
2006;1;22;1.689;1;0;0
2006;1;23;1.642;1;0;0
2006;1;24;1.633;1;0;0
2006;1;25;1.632;1;0;0
2006;1;26;1.625;1;0;0
2006;1;27;1.625;1;0;0
2006;1;28;1.605;1;0;0
2006;1;29;1.605;1;0;0
2006;1;30;1.605;1;0;0
2006;1;31;1.603;1;0;0
2006;2;1;1.598;1;0;0
2006;2;2;1.59;1;0;0
2006;2;3;1.586;1;0;0
2006;2;4;1.594;1;0;0
2006;2;5;1.588;1;0;0
2006;2;6;1.581;1;0;0
2006;2;7;1.614;1;0;0
2006;2;8;1.659;1;0;0
2006;2;9;1.627;1;0;0
2006;2;10;1.627;1;0;0
2006;2;11;1.625;1;0;0
2006;2;12;1.598;1;0;0
2006;2;13;1.589;1;0;0
2006;2;14;1.579;1;0;0
2006;2;15;1.578;1;0;0
2006;2;16;1.63;1;0;0
2006;2;17;1.743;1;0;0
2006;2;18;1.747;1;0;0
2006;2;19;1.788;1;0;0
2006;2;20;1.913;1;0;0
2006;2;21;2.172;1;0;0
2006;2;22;2.143;1;0;0
2006;2;23;2.015;1;0;0
2006;2;24;1.951;1;0;0
2006;2;25;1.91;1;0;0
2006;2;26;1.886;1;0;0
2006;2;27;1.859;1;0;0
2006;2;28;1.842;1;0;0
2006;3;1;1.847;1;0;0
2006;3;2;1.834;1;0;0
2006;3;3;1.839;1;0;0
2006;3;4;1.865;1;0;0
2006;3;5;1.866;1;0;0
2006;3;6;1.83;1;0;0
2006;3;7;1.827;1;0;0
2006;3;8;1.796;1;0;0
2006;3;9;1.944;1;0;0
2006;3;10;2.204;1;0;0
2006;3;11;2.132;1;0;0
2006;3;12;2.043;1;0;0
2006;3;13;1.99;1;0;0
2006;3;14;1.957;1;0;0
2006;3;15;1.937;1;0;0
2006;3;16;1.917;1;0;0
2006;3;17;1.903;1;0;0
2006;3;18;1.884;1;0;0
2006;3;19;1.904;1;0;0
2006;3;20;1.978;1;0;0
2006;3;21;2.035;1;0;0
2006;3;22;2.151;1;0;0
2006;3;23;2.266;1;0;0
2006;3;24;2.244;1;0;0
2006;3;25;2.336;1;0;0
2006;3;26;2.845;1;0;0
2006;3;27;4.182;1;0;0
2006;3;28;5.182;1;0;0
2006;3;29;5.614;1;0;0
2006;3;30;5.196;1;0;0
2006;3;31;5.575;1;0;0
2006;4;1;5.73;1;0;0
2006;4;2;5.474;1;0;0
2006;4;3;5.43;1;0;0
2006;4;4;5.14;1;0;0
2006;4;5;4.985;1;0;0
2006;4;6;4.652;1;0;0
2006;4;7;4.463;1;0;0
2006;4;8;4.399;1;0;0
2006;4;9;4.391;1;0;0
2006;4;10;4.485;1;0;0
2006;4;11;4.561;1;0;0
2006;4;12;4.382;1;0;0
2006;4;13;4.255;1;0;0
2006;4;14;4.285;1;0;0
2006;4;15;4.529;1;0;0
2006;4;16;4.574;1;0;0
2006;4;17;4.546;1;0;0
2006;4;18;4.465;1;0;0
2006;4;19;4.51;1;0;0
2006;4;20;4.324;1;0;0
2006;4;21;4.257;1;0;0
2006;4;22;4.197;1;0;0
2006;4;23;4.187;1;0;0
2006;4;24;4.171;1;0;0
2006;4;25;4.147;1;0;0
2006;4;26;4.11;1;0;0
2006;4;27;4.111;1;0;0
2006;4;28;4.05;1;0;0
2006;4;29;4.593;1;0;0
2006;4;30;4.72;1;0;0
2006;5;1;4.782;1;0;0
2006;5;2;4.589;1;0;0
2006;5;3;4.28;1;0;0
2006;5;4;4.12;1;0;0
2006;5;5;3.988;1;0;0
2006;5;6;3.836;1;0;0
2006;5;7;3.765;1;0;0
2006;5;8;3.728;1;0;0
2006;5;9;3.663;1;0;0
2006;5;10;3.611;1;0;0
2006;5;11;3.545;1;0;0
2006;5;12;3.485;1;0;0
2006;5;13;3.585;1;0;0
2006;5;14;3.482;1;0;0
2006;5;15;3.415;1;0;0
2006;5;16;3.362;1;0;0
2006;5;17;3.349;1;0;0
2006;5;18;3.313;1;0;0
2006;5;19;3.318;1;0;0
2006;5;20;3.382;1;0;0
2006;5;21;3.255;1;0;0
2006;5;22;3.188;1;0;0
2006;5;23;3.125;1;0;0
2006;5;24;3.085;1;0;0
2006;5;25;3.061;1;0;0
2006;5;26;3.089;1;0;0
2006;5;27;3.87;1;0;0
2006;5;28;3.584;1;0;0
2006;5;29;3.467;1;0;0
2006;5;30;3.564;1;0;0
2006;5;31;3.771;1;0;0
2006;6;1;3.446;1;0;0
2006;6;2;4.79;1;0;0
2006;6;3;16.058;1;0;0
2006;6;4;10.927;1;0;0
2006;6;5;8.793;1;0;0
2006;6;6;7.664;1;0;0
2006;6;7;6.506;1;0;0
2006;6;8;5.616;1;0;0
2006;6;9;5.54;1;0;0
2006;6;10;5.611;1;0;0
2006;6;11;5.445;1;0;0
2006;6;12;5.338;1;0;0
2006;6;13;5.241;1;0;0
2006;6;14;5.18;1;0;0
2006;6;15;5.028;1;0;0
2006;6;16;4.906;1;0;0
2006;6;17;4.834;1;0;0
2006;6;18;4.776;1;0;0
2006;6;19;4.692;1;0;0
2006;6;20;4.615;1;0;0
2006;6;21;4.518;1;0;0
2006;6;22;4.448;1;0;0
2006;6;23;4.374;1;0;0
2006;6;24;4.285;1;0;0
2006;6;25;4.21;1;0;0
2006;6;26;4.283;1;0;0
2006;6;27;4.233;1;0;0
2006;6;28;4.141;1;0;0
2006;6;29;4.8;1;0;0
2006;6;30;4.28;1;0;0
2006;7;1;4.332;1;0;0
2006;7;2;4.147;1;0;0
2006;7;3;4.027;1;0;0
2006;7;4;3.947;1;0;0
2006;7;5;3.895;1;0;0
2006;7;6;3.835;1;0;0
2006;7;7;3.839;1;0;0
2006;7;8;3.787;1;0;0
2006;7;9;3.769;1;0;0
2006;7;10;3.737;1;0;0
2006;7;11;3.718;1;0;0
2006;7;12;3.711;1;0;0
2006;7;13;3.678;1;0;0
2006;7;14;3.619;1;0;0
2006;7;15;3.608;1;0;0
2006;7;16;3.58;1;0;0
2006;7;17;3.551;1;0;0
2006;7;18;3.539;1;0;0
2006;7;19;3.505;1;0;0
2006;7;20;3.473;1;0;0
2006;7;21;3.41;1;0;0
2006;7;22;3.386;1;0;0
2006;7;23;3.427;1;0;0
2006;7;24;3.375;1;0;0
2006;7;25;3.324;1;0;0
2006;7;26;3.301;1;0;0
2006;7;27;3.285;1;0;0
2006;7;28;3.266;1;0;0
2006;7;29;3.252;1;0;0
2006;7;30;3.224;1;0;0
2006;7;31;3.215;1;0;0
2006;8;1;3.214;1;0;0
2006;8;2;3.193;1;0;0
2006;8;3;3.273;1;0;0
2006;8;4;3.262;1;0;0
2006;8;5;3.2;1;0;0
2006;8;6;3.414;1;0;0
2006;8;7;12.91;1;0;0
2006;8;8;12.9;1;0;0
2006;8;9;4.323;1;0;0
2006;8;10;4.392;1;0;0
2006;8;11;4.145;1;0;0
2006;8;12;4.09;1;0;0
2006;8;13;4;1;0;0
2006;8;14;3.88;1;0;0
2006;8;15;3.797;1;0;0
2006;8;16;3.732;1;0;0
2006;8;17;3.716;1;0;0
2006;8;18;3.69;1;0;0
2006;8;19;3.64;1;0;0
2006;8;20;3.707;1;0;0
2006;8;21;3.637;1;0;0
2006;8;22;3.627;1;0;0
2006;8;23;3.593;1;0;0
2006;8;24;3.561;1;0;0
2006;8;25;3.557;1;0;0
2006;8;26;3.498;1;0;0
2006;8;27;3.447;1;0;0
2006;8;28;3.452;1;0;0
2006;8;29;3.432;1;0;0
2006;8;30;3.44;1;0;0
2006;8;31;3.4;1;0;0
2006;9;1;3.331;1;0;0
2006;9;2;3.288;1;0;0
2006;9;3;3.268;1;0;0
2006;9;4;3.268;1;0;0
2006;9;5;3.243;1;0;0
2006;9;6;3.203;1;0;0
2006;9;7;3.179;1;0;0
2006;9;8;3.243;1;0;0
2006;9;9;3.157;1;0;0
2006;9;10;3.113;1;0;0
2006;9;11;3.093;1;0;0
2006;9;12;3.066;1;0;0
2006;9;13;3.071;1;0;0
2006;9;14;3.046;1;0;0
2006;9;15;3.032;1;0;0
2006;9;16;3.027;1;0;0
2006;9;17;2.988;1;0;0
2006;9;18;2.978;1;0;0
2006;9;19;3.005;1;0;0
2006;9;20;2.981;1;0;0
2006;9;21;2.942;1;0;0
2006;9;22;2.909;1;0;0
2006;9;23;2.873;1;0;0
2006;9;24;2.844;1;0;0
2006;9;25;2.842;1;0;0
2006;9;26;2.828;1;0;0
2006;9;27;2.804;1;0;0
2006;9;28;2.788;1;0;0
2006;9;29;2.753;1;0;0
2006;9;30;2.732;1;0;0
2006;10;1;2.734;1;0;0
2006;10;2;2.717;1;0;0
2006;10;3;2.713;1;0;0
2006;10;4;2.703;1;0;0
2006;10;5;2.691;1;0;0
2006;10;6;2.648;1;0;0
2006;10;7;2.631;1;0;0
2006;10;8;2.619;1;0;0
2006;10;9;2.607;1;0;0
2006;10;10;2.596;1;0;0
2006;10;11;2.567;1;0;0
2006;10;12;2.563;1;0;0
2006;10;13;2.544;1;0;0
2006;10;14;2.527;1;0;0
2006;10;15;2.505;1;0;0
2006;10;16;2.496;1;0;0
2006;10;17;2.481;1;0;0
2006;10;18;2.488;1;0;0
2006;10;19;2.482;1;0;0
2006;10;20;2.465;1;0;0
2006;10;21;2.458;1;0;0
2006;10;22;2.439;1;0;0
2006;10;23;2.424;1;0;0
2006;10;24;2.411;1;0;0
2006;10;25;2.397;1;0;0
2006;10;26;2.366;1;0;0
2006;10;27;2.348;1;0;0
2006;10;28;2.35;1;0;0
2006;10;29;2.536;1;0;0
2006;10;30;2.297;1;0;0
2006;10;31;2.005;1;0;0
2006;11;1;1.971;1;0;0
2006;11;2;1.952;1;0;0
2006;11;3;1.928;1;0;0
2006;11;4;1.923;1;0;0
2006;11;5;2.201;1;0;0
2006;11;6;2.176;1;0;0
2006;11;7;2.001;1;0;0
2006;11;8;1.935;1;0;0
2006;11;9;1.958;1;0;0
2006;11;10;1.922;1;0;0
2006;11;11;1.904;1;0;0
2006;11;12;2.459;1;0;0
2006;11;13;2.44;1;0;0
2006;11;14;2.35;1;0;0
2006;11;15;2.235;1;0;0
2006;11;16;2.129;1;0;0
2006;11;17;2.059;1;0;0
2006;11;18;2.019;1;0;0
2006;11;19;1.982;1;0;0
2006;11;20;1.965;1;0;0
2006;11;21;1.945;1;0;0
2006;11;22;2.034;1;0;0
2006;11;23;2.034;1;0;0
2006;11;24;2;1;0;0
2006;11;25;1.976;1;0;0
2006;11;26;1.959;1;0;0
2006;11;27;1.939;1;0;0
2006;11;28;1.949;1;0;0
2006;11;29;1.921;1;0;0
2006;11;30;1.934;1;0;0
2006;12;1;1.938;1;0;0
2006;12;2;1.945;1;0;0
2006;12;3;1.928;1;0;0
2006;12;4;1.927;1;0;0
2006;12;5;1.93;1;0;0
2006;12;6;1.919;1;0;0
2006;12;7;1.915;1;0;0
2006;12;8;1.913;1;0;0
2006;12;9;1.927;1;0;0
2006;12;10;1.926;1;0;0
2006;12;11;1.9;1;0;0
2006;12;12;1.892;1;0;0
2006;12;13;1.89;1;0;0
2006;12;14;1.876;1;0;0
2006;12;15;1.862;1;0;0
2006;12;16;1.853;1;0;0
2006;12;17;1.851;1;0;0
2006;12;18;1.849;1;0;0
2006;12;19;1.838;1;0;0
2006;12;20;1.827;1;0;0
2006;12;21;1.82;1;0;0
2006;12;22;1.801;1;0;0
2006;12;23;1.788;1;0;0
2006;12;24;1.774;1;0;0
2006;12;25;1.777;1;0;0
2006;12;26;1.757;1;0;0
2006;12;27;1.74;1;0;0
2006;12;28;1.736;1;0;0
2006;12;29;1.745;1;0;0
2006;12;30;1.723;1;0;0
2006;12;31;1.73;1;0;0
2007;1;1;1.74;1;0;0
2007;1;2;1.73;1;0;0
2007;1;3;1.74;1;0;0
2007;1;4;1.739;1;0;0
2007;1;5;1.792;1;0;0
2007;1;6;1.827;1;0;0
2007;1;7;1.784;1;0;0
2007;1;8;1.75;1;0;0
2007;1;9;1.748;1;0;0
2007;1;10;1.73;1;0;0
2007;1;11;1.726;1;0;0
2007;1;12;1.858;1;0;0
2007;1;13;1.791;1;0;0
2007;1;14;1.763;1;0;0
2007;1;15;1.734;1;0;0
2007;1;16;1.703;1;0;0
2007;1;17;1.705;1;0;0
2007;1;18;1.693;1;0;0
2007;1;19;3.03;1;0;0
2007;1;20;2.865;1;0;0
2007;1;21;2.368;1;0;0
2007;1;22;2.159;1;0;0
2007;1;23;2.107;1;0;0
2007;1;24;2.06;1;0;0
2007;1;25;1.99;1;0;0
2007;1;26;1.94;1;0;0
2007;1;27;1.935;1;0;0
2007;1;28;1.928;1;0;0
2007;1;29;1.991;1;0;0
2007;1;30;2.006;1;0;0
2007;1;31;2.016;1;0;0
2007;2;1;2.058;1;0;0
2007;2;2;2.039;1;0;0
2007;2;3;2.162;1;0;0
2007;2;4;2.113;1;0;0
2007;2;5;2.079;1;0;0
2007;2;6;2.118;1;0;0
2007;2;7;2.126;1;0;0
2007;2;8;2.093;1;0;0
2007;2;9;2.107;1;0;0
2007;2;10;2.075;1;0;0
2007;2;11;2.06;1;0;0
2007;2;12;2.076;1;0;0
2007;2;13;2.095;1;0;0
2007;2;14;2.075;1;0;0
2007;2;15;2.141;1;0;0
2007;2;16;2.479;1;0;0
2007;2;17;2.317;1;0;0
2007;2;18;2.259;1;0;0
2007;2;19;2.225;1;0;0
2007;2;20;2.18;1;0;0
2007;2;21;2.164;1;0;0
2007;2;22;2.157;1;0;0
2007;2;23;2.137;1;0;0
2007;2;24;2.123;1;0;0
2007;2;25;2.132;1;0;0
2007;2;26;2.181;1;0;0
2007;2;27;2.187;1;0;0
2007;2;28;2.368;1;0;0
2007;3;1;2.389;1;0;0
2007;3;2;2.349;1;0;0
2007;3;3;2.441;1;0;0
2007;3;4;2.79;1;0;0
2007;3;5;2.575;1;0;0
2007;3;6;2.496;1;0;0
2007;3;7;2.46;1;0;0
2007;3;8;2.538;1;0;0
2007;3;9;2.57;1;0;0
2007;3;10;2.537;1;0;0
2007;3;11;2.493;1;0;0
2007;3;12;2.46;1;0;0
2007;3;13;2.45;1;0;0
2007;3;14;2.434;1;0;0
2007;3;15;2.441;1;0;0
2007;3;16;2.44;1;0;0
2007;3;17;2.449;1;0;0
2007;3;18;2.47;1;0;0
2007;3;19;2.535;1;0;0
2007;3;20;2.537;1;0;0
2007;3;21;2.506;1;0;0
2007;3;22;2.49;1;0;0
2007;3;23;2.516;1;0;0
2007;3;24;2.634;1;0;0
2007;3;25;2.743;1;0;0
2007;3;26;2.89;1;0;0
2007;3;27;2.932;1;0;0
2007;3;28;2.903;1;0;0
2007;3;29;2.875;1;0;0
2007;3;30;2.828;1;0;0
2007;3;31;2.851;1;0;0
2007;4;1;2.846;1;0;0
2007;4;2;2.86;1;0;0
2007;4;3;2.916;1;0;0
2007;4;4;2.875;1;0;0
2007;4;5;2.818;1;0;0
2007;4;6;2.775;1;0;0
2007;4;7;2.753;1;0;0
2007;4;8;2.722;1;0;0
2007;4;9;2.715;1;0;0
2007;4;10;2.73;1;0;0
2007;4;11;2.72;1;0;0
2007;4;12;2.715;1;0;0
2007;4;13;2.684;1;0;0
2007;4;14;2.662;1;0;0
2007;4;15;2.654;1;0;0
2007;4;16;2.635;1;0;0
2007;4;17;2.618;1;0;0
2007;4;18;2.601;1;0;0
2007;4;19;2.579;1;0;0
2007;4;20;2.557;1;0;0
2007;4;21;2.54;1;0;0
2007;4;22;2.53;1;0;0
2007;4;23;2.52;1;0;0
2007;4;24;2.508;1;0;0
2007;4;25;2.503;1;0;0
2007;4;26;2.479;1;0;0
2007;4;27;2.454;1;0;0
2007;4;28;2.446;1;0;0
2007;4;29;2.437;1;0;0
2007;4;30;2.427;1;0;0
2007;5;1;2.401;1;0;0
2007;5;2;2.38;1;0;0
2007;5;3;2.38;1;0;0
2007;5;4;2.355;1;0;0
2007;5;5;2.363;1;0;0
2007;5;6;2.34;1;0;0
2007;5;7;2.314;1;0;0
2007;5;8;2.366;1;0;0
2007;5;9;2.66;1;0;0
2007;5;10;2.635;1;0;0
2007;5;11;2.44;1;0;0
2007;5;12;2.383;1;0;0
2007;5;13;2.33;1;0;0
2007;5;14;2.309;1;0;0
2007;5;15;2.343;1;0;0
2007;5;16;2.29;1;0;0
2007;5;17;2.305;1;0;0
2007;5;18;2.302;1;0;0
2007;5;19;2.26;1;0;0
2007;5;20;2.253;1;0;0
2007;5;21;2.252;1;0;0
2007;5;22;2.242;1;0;0
2007;5;23;2.256;1;0;0
2007;5;24;2.256;1;0;0
2007;5;25;2.273;1;0;0
2007;5;26;2.271;1;0;0
2007;5;27;2.259;1;0;0
2007;5;28;2.253;1;0;0
2007;5;29;2.34;1;0;0
2007;5;30;2.291;1;0;0
2007;5;31;2.269;1;0;0
2007;6;1;2.244;1;0;0
2007;6;2;2.223;1;0;0
2007;6;3;2.208;1;0;0
2007;6;4;2.193;1;0;0
2007;6;5;2.195;1;0;0
2007;6;6;2.193;1;0;0
2007;6;7;2.17;1;0;0
2007;6;8;2.148;1;0;0
2007;6;9;2.143;1;0;0
2007;6;10;2.142;1;0;0
2007;6;11;2.127;1;0;0
2007;6;12;2.214;1;0;0
2007;6;13;2.133;1;0;0
2007;6;14;2.107;1;0;0
2007;6;15;2.084;1;0;0
2007;6;16;2.1;1;0;0
2007;6;17;2.073;1;0;0
2007;6;18;2.023;1;0;0
2007;6;19;2.016;1;0;0
2007;6;20;2;1;0;0
2007;6;21;1.985;1;0;0
2007;6;22;1.971;1;0;0
2007;6;23;2;1;0;0
2007;6;24;1.963;1;0;0
2007;6;25;1.976;1;0;0
2007;6;26;1.945;1;0;0
2007;6;27;1.936;1;0;0
2007;6;28;1.913;1;0;0
2007;6;29;1.906;1;0;0
2007;6;30;1.906;1;0;0
2007;7;1;1.898;1;0;0
2007;7;2;1.898;1;0;0
2007;7;3;1.88;1;0;0
2007;7;4;1.926;1;0;0
2007;7;5;1.885;1;0;0
2007;7;6;1.888;1;0;0
2007;7;7;1.851;1;0;0
2007;7;8;1.831;1;0;0
2007;7;9;1.895;1;0;0
2007;7;10;1.97;1;0;0
2007;7;11;1.874;1;0;0
2007;7;12;1.85;1;0;0
2007;7;13;1.825;1;0;0
2007;7;14;1.803;1;0;0
2007;7;15;1.785;1;0;0
2007;7;16;1.769;1;0;0
2007;7;17;1.767;1;0;0
2007;7;18;1.754;1;0;0
2007;7;19;1.744;1;0;0
2007;7;20;1.74;1;0;0
2007;7;21;1.732;1;0;0
2007;7;22;1.721;1;0;0
2007;7;23;1.716;1;0;0
2007;7;24;1.752;1;0;0
2007;7;25;1.72;1;0;0
2007;7;26;1.702;1;0;0
2007;7;27;1.691;1;0;0
2007;7;28;1.741;1;0;0
2007;7;29;1.713;1;0;0
2007;7;30;1.725;1;0;0
2007;7;31;1.694;1;0;0
2007;8;1;1.691;1;0;0
2007;8;2;1.688;1;0;0
2007;8;3;1.726;1;0;0
2007;8;4;1.706;1;0;0
2007;8;5;1.673;1;0;0
2007;8;6;1.662;1;0;0
2007;8;7;1.642;1;0;0
2007;8;8;1.641;1;0;0
2007;8;9;1.828;1;0;0
2007;8;10;1.791;1;0;0
2007;8;11;1.849;1;0;0
2007;8;12;1.76;1;0;0
2007;8;13;1.713;1;0;0
2007;8;14;1.684;1;0;0
2007;8;15;1.666;1;0;0
2007;8;16;1.707;1;0;0
2007;8;17;1.681;1;0;0
2007;8;18;1.655;1;0;0
2007;8;19;1.64;1;0;0
2007;8;20;1.702;1;0;0
2007;8;21;1.657;1;0;0
2007;8;22;1.63;1;0;0
2007;8;23;1.619;1;0;0
2007;8;24;1.605;1;0;0
2007;8;25;1.603;1;0;0
2007;8;26;1.598;1;0;0
2007;8;27;1.596;1;0;0
2007;8;28;1.59;1;0;0
2007;8;29;1.6;1;0;0
2007;8;30;1.683;1;0;0
2007;8;31;1.615;1;0;0
2007;9;1;1.64;1;0;0
2007;9;2;1.622;1;0;0
2007;9;3;1.614;1;0;0
2007;9;4;1.725;1;0;0
2007;9;5;2.706;1;0;0
2007;9;6;7.594;1;0;0
2007;9;7;17.38;1;0;0
2007;9;8;5.823;1;0;0
2007;9;9;4.621;1;0;0
2007;9;10;3.978;1;0;0
2007;9;11;4.919;1;0;0
2007;9;12;5.366;1;0;0
2007;9;13;4.596;1;0;0
2007;9;14;4.201;1;0;0
2007;9;15;3.972;1;0;0
2007;9;16;3.847;1;0;0
2007;9;17;3.773;1;0;0
2007;9;18;3.678;1;0;0
2007;9;19;3.654;1;0;0
2007;9;20;3.528;1;0;0
2007;9;21;3.455;1;0;0
2007;9;22;3.405;1;0;0
2007;9;23;3.332;1;0;0
2007;9;24;3.308;1;0;0
2007;9;25;3.25;1;0;0
2007;9;26;3.225;1;0;0
2007;9;27;3.186;1;0;0
2007;9;28;3.178;1;0;0
2007;9;29;3.094;1;0;0
2007;9;30;2.979;1;0;0
2007;10;1;2.965;1;0;0
2007;10;2;2.916;1;0;0
2007;10;3;2.865;1;0;0
2007;10;4;2.778;1;0;0
2007;10;5;2.737;1;0;0
2007;10;6;2.776;1;0;0
2007;10;7;2.812;1;0;0
2007;10;8;2.763;1;0;0
2007;10;9;2.73;1;0;0
2007;10;10;2.711;1;0;0
2007;10;11;2.68;1;0;0
2007;10;12;2.655;1;0;0
2007;10;13;2.645;1;0;0
2007;10;14;2.603;1;0;0
2007;10;15;2.585;1;0;0
2007;10;16;2.545;1;0;0
2007;10;17;2.535;1;0;0
2007;10;18;2.51;1;0;0
2007;10;19;2.529;1;0;0
2007;10;20;2.494;1;0;0
2007;10;21;2.474;1;0;0
2007;10;22;2.486;1;0;0
2007;10;23;2.58;1;0;0
2007;10;24;2.626;1;0;0
2007;10;25;2.661;1;0;0
2007;10;26;2.741;1;0;0
2007;10;27;2.96;1;0;0
2007;10;28;4.232;1;0;0
2007;10;29;3.97;1;0;0
2007;10;30;3.358;1;0;0
2007;10;31;3.207;1;0;0
2007;11;1;3.081;1;0;0
2007;11;2;3;1;0;0
2007;11;3;2.961;1;0;0
2007;11;4;3.116;1;0;0
2007;11;5;3.093;1;0;0
2007;11;6;3.155;1;0;0
2007;11;7;3.324;1;0;0
2007;11;8;4.198;1;0;0
2007;11;9;3.833;1;0;0
2007;11;10;3.663;1;0;0
2007;11;11;4.303;1;0;0
2007;11;12;4.52;1;0;0
2007;11;13;4.093;1;0;0
2007;11;14;3.87;1;0;0
2007;11;15;3.731;1;0;0
2007;11;16;3.704;1;0;0
2007;11;17;3.67;1;0;0
2007;11;18;3.626;1;0;0
2007;11;19;3.615;1;0;0
2007;11;20;3.563;1;0;0
2007;11;21;3.575;1;0;0
2007;11;22;3.551;1;0;0
2007;11;23;3.879;1;0;0
2007;11;24;4.254;1;0;0
2007;11;25;4.117;1;0;0
2007;11;26;4.191;1;0;0
2007;11;27;4.017;1;0;0
2007;11;28;3.892;1;0;0
2007;11;29;3.82;1;0;0
2007;11;30;3.815;1;0;0
2007;12;1;3.782;1;0;0
2007;12;2;3.953;1;0;0
2007;12;3;4.35;1;0;0
2007;12;4;4.438;1;0;0
2007;12;5;4.215;1;0;0
2007;12;6;4.2;1;0;0
2007;12;7;4.23;1;0;0
2007;12;8;4.382;1;0;0
2007;12;9;4.308;1;0;0
2007;12;10;4.473;1;0;0
2007;12;11;4.427;1;0;0
2007;12;12;4.645;1;0;0
2007;12;13;4.456;1;0;0
2007;12;14;4.312;1;0;0
2007;12;15;4.168;1;0;0
2007;12;16;4.055;1;0;0
2007;12;17;3.96;1;0;0
2007;12;18;3.848;1;0;0
2007;12;19;3.807;1;0;0
2007;12;20;3.737;1;0;0
2007;12;21;3.695;1;0;0
2007;12;22;3.653;1;0;0
2007;12;23;3.619;1;0;0
2007;12;24;3.555;1;0;0
2007;12;25;3.503;1;0;0
2007;12;26;3.458;1;0;0
2007;12;27;3.402;1;0;0
2007;12;28;3.353;1;0;0
2007;12;29;3.305;1;0;0
2007;12;30;3.285;1;0;0
2007;12;31;3.265;1;0;0
2008;1;1;3.23;1;0;0
2008;1;2;3.201;1;0;0
2008;1;3;3.153;1;0;0
2008;1;4;3.145;1;0;0
2008;1;5;3.127;1;0;0
2008;1;6;3.155;1;0;0
2008;1;7;3.181;1;0;0
2008;1;8;3.208;1;0;0
2008;1;9;3.094;1;0;0
2008;1;10;3.064;1;0;0
2008;1;11;3.046;1;0;0
2008;1;12;3.095;1;0;0
2008;1;13;3.123;1;0;0
2008;1;14;3.1;1;0;0
2008;1;15;3.071;1;0;0
2008;1;16;3.07;1;0;0
2008;1;17;3.061;1;0;0
2008;1;18;3.08;1;0;0
2008;1;19;3.298;1;0;0
2008;1;20;3.375;1;0;0
2008;1;21;3.291;1;0;0
2008;1;22;3.35;1;0;0
2008;1;23;3.253;1;0;0
2008;1;24;3.168;1;0;0
2008;1;25;3.114;1;0;0
2008;1;26;3.073;1;0;0
2008;1;27;3.766;1;0;0
2008;1;28;3.945;1;0;0
2008;1;29;3.637;1;0;0
2008;1;30;3.456;1;0;0
2008;1;31;3.363;1;0;0
2008;2;1;3.316;1;0;0
2008;2;2;3.261;1;0;0
2008;2;3;3.205;1;0;0
2008;2;4;3.205;1;0;0
2008;2;5;3.182;1;0;0
2008;2;6;3.188;1;0;0
2008;2;7;3.208;1;0;0
2008;2;8;3.132;1;0;0
2008;2;9;3.079;1;0;0
2008;2;10;3.068;1;0;0
2008;2;11;3.048;1;0;0
2008;2;12;3.021;1;0;0
2008;2;13;2.99;1;0;0
2008;2;14;2.962;1;0;0
2008;2;15;2.938;1;0;0
2008;2;16;2.911;1;0;0
2008;2;17;2.875;1;0;0
2008;2;18;2.876;1;0;0
2008;2;19;2.875;1;0;0
2008;2;20;2.838;1;0;0
2008;2;21;2.825;1;0;0
2008;2;22;2.825;1;0;0
2008;2;23;2.814;1;0;0
2008;2;24;2.805;1;0;0
2008;2;25;2.829;1;0;0
2008;2;26;2.825;1;0;0
2008;2;27;2.832;1;0;0
2008;2;28;2.818;1;0;0
2008;2;29;2.802;1;0;0
2008;3;1;2.951;1;0;0
2008;3;2;2.994;1;0;0
2008;3;3;3;1;0;0
2008;3;4;2.925;1;0;0
2008;3;5;2.861;1;0;0
2008;3;6;2.811;1;0;0
2008;3;7;2.781;1;0;0
2008;3;8;2.76;1;0;0
2008;3;9;2.737;1;0;0
2008;3;10;2.732;1;0;0
2008;3;11;2.721;1;0;0
2008;3;12;2.74;1;0;0
2008;3;13;2.736;1;0;0
2008;3;14;2.907;1;0;0
2008;3;15;3.084;1;0;0
2008;3;16;2.965;1;0;0
2008;3;17;2.967;1;0;0
2008;3;18;2.94;1;0;0
2008;3;19;2.904;1;0;0
2008;3;20;2.878;1;0;0
2008;3;21;2.898;1;0;0
2008;3;22;2.88;1;0;0
2008;3;23;2.857;1;0;0
2008;3;24;2.868;1;0;0
2008;3;25;2.846;1;0;0
2008;3;26;2.844;1;0;0
2008;3;27;2.864;1;0;0
2008;3;28;2.896;1;0;0
2008;3;29;2.91;1;0;0
2008;3;30;2.947;1;0;0
2008;3;31;2.95;1;0;0
2008;4;1;2.942;1;0;0
2008;4;2;3.03;1;0;0
2008;4;3;3.144;1;0;0
2008;4;4;3.075;1;0;0
2008;4;5;3.028;1;0;0
2008;4;6;3.042;1;0;0
2008;4;7;3.047;1;0;0
2008;4;8;3.018;1;0;0
2008;4;9;3.021;1;0;0
2008;4;10;3.016;1;0;0
2008;4;11;3.022;1;0;0
2008;4;12;2.972;1;0;0
2008;4;13;2.953;1;0;0
2008;4;14;2.95;1;0;0
2008;4;15;2.922;1;0;0
2008;4;16;2.936;1;0;0
2008;4;17;2.906;1;0;0
2008;4;18;2.883;1;0;0
2008;4;19;2.884;1;0;0
2008;4;20;2.875;1;0;0
2008;4;21;2.93;1;0;0
2008;4;22;2.947;1;0;0
2008;4;23;3.045;1;0;0
2008;4;24;2.979;1;0;0
2008;4;25;3.004;1;0;0
2008;4;26;3.673;1;0;0
2008;4;27;3.316;1;0;0
2008;4;28;3.153;1;0;0
2008;4;29;3.071;1;0;0
2008;4;30;3.034;1;0;0
2008;5;1;2.964;1;0;0
2008;5;2;2.943;1;0;0
2008;5;3;2.917;1;0;0
2008;5;4;2.9;1;0;0
2008;5;5;2.922;1;0;0
2008;5;6;3.006;1;0;0
2008;5;7;2.93;1;0;0
2008;5;8;2.91;1;0;0
2008;5;9;2.875;1;0;0
2008;5;10;2.85;1;0;0
2008;5;11;2.839;1;0;0
2008;5;12;2.819;1;0;0
2008;5;13;2.809;1;0;0
2008;5;14;2.802;1;0;0
2008;5;15;2.795;1;0;0
2008;5;16;2.765;1;0;0
2008;5;17;2.768;1;0;0
2008;5;18;2.801;1;0;0
2008;5;19;2.806;1;0;0
2008;5;20;2.813;1;0;0
2008;5;21;2.782;1;0;0
2008;5;22;2.754;1;0;0
2008;5;23;2.736;1;0;0
2008;5;24;2.726;1;0;0
2008;5;25;2.714;1;0;0
2008;5;26;2.706;1;0;0
2008;5;27;2.691;1;0;0
2008;5;28;2.672;1;0;0
2008;5;29;2.638;1;0;0
2008;5;30;2.643;1;0;0
2008;5;31;2.638;1;0;0
2008;6;1;2.628;1;0;0
2008;6;2;2.615;1;0;0
2008;6;3;2.875;1;0;0
2008;6;4;3.298;1;0;0
2008;6;5;3.064;1;0;0
2008;6;6;2.903;1;0;0
2008;6;7;2.875;1;0;0
2008;6;8;3.178;1;0;0
2008;6;9;3.076;1;0;0
2008;6;10;2.948;1;0;0
2008;6;11;2.88;1;0;0
2008;6;12;2.851;1;0;0
2008;6;13;2.755;1;0;0
2008;6;14;2.716;1;0;0
2008;6;15;2.731;1;0;0
2008;6;16;2.683;1;0;0
2008;6;17;2.726;1;0;0
2008;6;18;2.752;1;0;0
2008;6;19;2.693;1;0;0
2008;6;20;2.684;1;0;0
2008;6;21;2.661;1;0;0
2008;6;22;2.64;1;0;0
2008;6;23;2.667;1;0;0
2008;6;24;2.673;1;0;0
2008;6;25;2.662;1;0;0
2008;6;26;2.725;1;0;0
2008;6;27;2.743;1;0;0
2008;6;28;2.642;1;0;0
2008;6;29;2.602;1;0;0
2008;6;30;2.595;1;0;0
2008;7;1;2.559;1;0;0
2008;7;2;2.542;1;0;0
2008;7;3;2.586;1;0;0
2008;7;4;2.529;1;0;0
2008;7;5;2.499;1;0;0
2008;7;6;2.57;1;0;0
2008;7;7;2.718;1;0;0
2008;7;8;2.605;1;0;0
2008;7;9;2.52;1;0;0
2008;7;10;2.467;1;0;0
2008;7;11;2.461;1;0;0
2008;7;12;2.701;1;0;0
2008;7;13;2.613;1;0;0
2008;7;14;2.619;1;0;0
2008;7;15;2.852;1;0;0
2008;7;16;2.598;1;0;0
2008;7;17;2.641;1;0;0
2008;7;18;2.616;1;0;0
2008;7;19;2.529;1;0;0
2008;7;20;2.972;1;0;0
2008;7;21;3.332;1;0;0
2008;7;22;2.941;1;0;0
2008;7;23;4.442;1;0;0
2008;7;24;6.507;1;0;0
2008;7;25;5.35;1;0;0
2008;7;26;4.715;1;0;0
2008;7;27;4.357;1;0;0
2008;7;28;4.088;1;0;0
2008;7;29;3.931;1;0;0
2008;7;30;3.875;1;0;0
2008;7;31;3.967;1;0;0
2008;8;1;3.896;1;0;0
2008;8;2;3.982;1;0;0
2008;8;3;3.9;1;0;0
2008;8;4;3.829;1;0;0
2008;8;5;3.748;1;0;0
2008;8;6;3.719;1;0;0
2008;8;7;3.674;1;0;0
2008;8;8;3.68;1;0;0
2008;8;9;3.683;1;0;0
2008;8;10;3.585;1;0;0
2008;8;11;3.504;1;0;0
2008;8;12;3.437;1;0;0
2008;8;13;3.312;1;0;0
2008;8;14;3.267;1;0;0
2008;8;15;3.513;1;0;0
2008;8;16;4.431;1;0;0
2008;8;17;3.7;1;0;0
2008;8;18;3.481;1;0;0
2008;8;19;3.373;1;0;0
2008;8;20;3.309;1;0;0
2008;8;21;3.276;1;0;0
2008;8;22;3.251;1;0;0
2008;8;23;3.215;1;0;0
2008;8;24;3.195;1;0;0
2008;8;25;3.171;1;0;0
2008;8;26;3.145;1;0;0
2008;8;27;3.139;1;0;0
2008;8;28;3.123;1;0;0
2008;8;29;3.072;1;0;0
2008;8;30;3.055;1;0;0
2008;8;31;3.035;1;0;0
2008;9;1;3.01;1;0;0
2008;9;2;3.008;1;0;0
2008;9;3;2.978;1;0;0
2008;9;4;2.905;1;0;0
2008;9;5;2.828;1;0;0
2008;9;6;2.805;1;0;0
2008;9;7;2.828;1;0;0
2008;9;8;2.787;1;0;0
2008;9;9;2.755;1;0;0
2008;9;10;2.738;1;0;0
2008;9;11;2.724;1;0;0
2008;9;12;2.701;1;0;0
2008;9;13;2.674;1;0;0
2008;9;14;2.651;1;0;0
2008;9;15;2.825;1;0;0
2008;9;16;3.421;1;0;0
2008;9;17;3.196;1;0;0
2008;9;18;2.867;1;0;0
2008;9;19;2.758;1;0;0
2008;9;20;2.79;1;0;0
2008;9;21;3.131;1;0;0
2008;9;22;3.349;1;0;0
2008;9;23;3.088;1;0;0
2008;9;24;2.925;1;0;0
2008;9;25;2.924;1;0;0
2008;9;26;3.05;1;0;0
2008;9;27;2.913;1;0;0
2008;9;28;2.845;1;0;0
2008;9;29;2.815;1;0;0
2008;9;30;2.791;1;0;0
2008;10;1;2.755;1;0;0
2008;10;2;2.728;1;0;0
2008;10;3;2.835;1;0;0
2008;10;4;3.047;1;0;0
2008;10;5;2.901;1;0;0
2008;10;6;2.841;1;0;0
2008;10;7;2.807;1;0;0
2008;10;8;2.78;1;0;0
2008;10;9;2.749;1;0;0
2008;10;10;2.716;1;0;0
2008;10;11;2.7;1;0;0
2008;10;12;2.687;1;0;0
2008;10;13;2.691;1;0;0
2008;10;14;2.688;1;0;0
2008;10;15;2.718;1;0;0
2008;10;16;2.694;1;0;0
2008;10;17;2.689;1;0;0
2008;10;18;2.65;1;0;0
2008;10;19;2.629;1;0;0
2008;10;20;2.609;1;0;0
2008;10;21;2.588;1;0;0
2008;10;22;2.572;1;0;0
2008;10;23;2.55;1;0;0
2008;10;24;2.537;1;0;0
2008;10;25;2.509;1;0;0
2008;10;26;2.475;1;0;0
2008;10;27;2.455;1;0;0
2008;10;28;2.444;1;0;0
2008;10;29;2.44;1;0;0
2008;10;30;2.422;1;0;0
2008;10;31;2.4;1;0;0
2008;11;1;2.37;1;0;0
2008;11;2;2.351;1;0;0
2008;11;3;2.384;1;0;0
2008;11;4;2.382;1;0;0
2008;11;5;2.369;1;0;0
2008;11;6;2.345;1;0;0
2008;11;7;2.339;1;0;0
2008;11;8;2.388;1;0;0
2008;11;9;2.317;1;0;0
2008;11;10;2.272;1;0;0
2008;11;11;2.265;1;0;0
2008;11;12;2.248;1;0;0
2008;11;13;2.241;1;0;0
2008;11;14;2.228;1;0;0
2008;11;15;2.204;1;0;0
2008;11;16;2.195;1;0;0
2008;11;17;2.272;1;0;0
2008;11;18;2.193;1;0;0
2008;11;19;2.203;1;0;0
2008;11;20;2.189;1;0;0
2008;11;21;3.064;1;0;0
2008;11;22;2.698;1;0;0
2008;11;23;2.442;1;0;0
2008;11;24;2.343;1;0;0
2008;11;25;2.28;1;0;0
2008;11;26;2.229;1;0;0
2008;11;27;2.216;1;0;0
2008;11;28;2.204;1;0;0
2008;11;29;2.222;1;0;0
2008;11;30;2.239;1;0;0
2008;12;1;2.309;1;0;0
2008;12;2;2.28;1;0;0
2008;12;3;2.26;1;0;0
2008;12;4;2.226;1;0;0
2008;12;5;2.233;1;0;0
2008;12;6;2.247;1;0;0
2008;12;7;2.335;1;0;0
2008;12;8;2.372;1;0;0
2008;12;9;2.288;1;0;0
2008;12;10;2.26;1;0;0
2008;12;11;2.295;1;0;0
2008;12;12;2.383;1;0;0
2008;12;13;2.326;1;0;0
2008;12;14;2.308;1;0;0
2008;12;15;2.31;1;0;0
2008;12;16;2.332;1;0;0
2008;12;17;2.382;1;0;0
2008;12;18;2.355;1;0;0
2008;12;19;2.379;1;0;0
2008;12;20;2.617;1;0;0
2008;12;21;3.142;1;0;0
2008;12;22;3.339;1;0;0
2008;12;23;3.275;1;0;0
2008;12;24;3.062;1;0;0
2008;12;25;3.057;1;0;0
2008;12;26;2.925;1;0;0
2008;12;27;2.87;1;0;0
2008;12;28;2.822;1;0;0
2008;12;29;2.796;1;0;0
2008;12;30;2.796;1;0;0
2008;12;31;2.797;1;0;0
2009;1;1;2.792;1;0;0
2009;1;2;2.789;1;0;0
2009;1;3;2.755;1;0;0
2009;1;4;2.718;1;0;0
2009;1;5;2.742;1;0;0
2009;1;6;2.717;1;0;0
2009;1;7;2.691;1;0;0
2009;1;8;2.655;1;0;0
2009;1;9;2.621;1;0;0
2009;1;10;2.61;1;0;0
2009;1;11;2.573;1;0;0
2009;1;12;2.558;1;0;0
2009;1;13;2.547;1;0;0
2009;1;14;2.55;1;0;0
2009;1;15;2.52;1;0;0
2009;1;16;2.503;1;0;0
2009;1;17;2.474;1;0;0
2009;1;18;2.473;1;0;0
2009;1;19;2.465;1;0;0
2009;1;20;2.477;1;0;0
2009;1;21;2.462;1;0;0
2009;1;22;2.45;1;0;0
2009;1;23;2.573;1;0;0
2009;1;24;2.643;1;0;0
2009;1;25;2.467;1;0;0
2009;1;26;2.426;1;0;0
2009;1;27;2.413;1;0;0
2009;1;28;2.399;1;0;0
2009;1;29;2.351;1;0;0
2009;1;30;2.319;1;0;0
2009;1;31;2.295;1;0;0
2009;2;1;2.288;1;0;0
2009;2;2;2.28;1;0;0
2009;2;3;2.36;1;0;0
2009;2;4;2.396;1;0;0
2009;2;5;2.381;1;0;0
2009;2;6;2.415;1;0;0
2009;2;7;2.919;1;0;0
2009;2;8;2.905;1;0;0
2009;2;9;2.689;1;0;0
2009;2;10;2.604;1;0;0
2009;2;11;2.562;1;0;0
2009;2;12;2.527;1;0;0
2009;2;13;2.494;1;0;0
2009;2;14;2.476;1;0;0
2009;2;15;2.457;1;0;0
2009;2;16;2.437;1;0;0
2009;2;17;2.47;1;0;0
2009;2;18;2.429;1;0;0
2009;2;19;2.418;1;0;0
2009;2;20;2.415;1;0;0
2009;2;21;2.446;1;0;0
2009;2;22;2.439;1;0;0
2009;2;23;2.493;1;0;0
2009;2;24;2.472;1;0;0
2009;2;25;2.422;1;0;0
2009;2;26;2.335;1;0;0
2009;2;27;2.5;1;0;0
2009;2;28;2.9;1;0;0
2009;3;1;2.8;1;0;0
2009;3;2;2.762;1;0;0
2009;3;3;2.776;1;0;0
2009;3;4;2.977;1;0;0
2009;3;5;3.62;1;0;0
2009;3;6;3.49;1;0;0
2009;3;7;3.376;1;0;0
2009;3;8;3.271;1;0;0
2009;3;9;3.304;1;0;0
2009;3;10;3.222;1;0;0
2009;3;11;3.29;1;0;0
2009;3;12;3.269;1;0;0
2009;3;13;3.895;1;0;0
2009;3;14;3.791;1;0;0
2009;3;15;3.984;1;0;0
2009;3;16;4.32;1;0;0
2009;3;17;4.366;1;0;0
2009;3;18;4.379;1;0;0
2009;3;19;4.155;1;0;0
2009;3;20;3.919;1;0;0
2009;3;21;3.756;1;0;0
2009;3;22;3.689;1;0;0
2009;3;23;3.854;1;0;0
2009;3;24;4.022;1;0;0
2009;3;25;3.809;1;0;0
2009;3;26;3.751;1;0;0
2009;3;27;3.715;1;0;0
2009;3;28;4.134;1;0;0
2009;3;29;4.492;1;0;0
2009;3;30;4.442;1;0;0
2009;3;31;4.335;1;0;0
2009;4;1;4.785;1;0;0
2009;4;2;5.461;1;0;0
2009;4;3;5.99;1;0;0
2009;4;4;6.414;1;0;0
2009;4;5;6.552;1;0;0
2009;4;6;6.445;1;0;0
2009;4;7;6.542;1;0;0
2009;4;8;6.362;1;0;0
2009;4;9;6.466;1;0;0
2009;4;10;6.552;1;0;0
2009;4;11;6.643;1;0;0
2009;4;12;6.561;1;0;0
2009;4;13;6.492;1;0;0
2009;4;14;6.398;1;0;0
2009;4;15;6.238;1;0;0
2009;4;16;6.115;1;0;0
2009;4;17;5.985;1;0;0
2009;4;18;5.839;1;0;0
2009;4;19;5.698;1;0;0
2009;4;20;5.679;1;0;0
2009;4;21;5.553;1;0;0
2009;4;22;5.445;1;0;0
2009;4;23;5.38;1;0;0
2009;4;24;5.063;1;0;0
2009;4;25;4.817;1;0;0
2009;4;26;4.835;1;0;0
2009;4;27;4.954;1;0;0
2009;4;28;4.888;1;0;0
2009;4;29;4.879;1;0;0
2009;4;30;4.915;1;0;0
2009;5;1;4.826;1;0;0
2009;5;2;4.74;1;0;0
2009;5;3;4.664;1;0;0
2009;5;4;4.64;1;0;0
2009;5;5;4.572;1;0;0
2009;5;6;4.629;1;0;0
2009;5;7;4.541;1;0;0
2009;5;8;4.445;1;0;0
2009;5;9;4.355;1;0;0
2009;5;10;4.265;1;0;0
2009;5;11;4.253;1;0;0
2009;5;12;4.269;1;0;0
2009;5;13;4.229;1;0;0
2009;5;14;4.175;1;0;0
2009;5;15;4.139;1;0;0
2009;5;16;4.075;1;0;0
2009;5;17;4.002;1;0;0
2009;5;18;4.02;1;0;0
2009;5;19;3.995;1;0;0
2009;5;20;3.894;1;0;0
2009;5;21;3.913;1;0;0
2009;5;22;3.886;1;0;0
2009;5;23;3.814;1;0;0
2009;5;24;3.779;1;0;0
2009;5;25;3.766;1;0;0
2009;5;26;3.731;1;0;0
2009;5;27;3.736;1;0;0
2009;5;28;3.708;1;0;0
2009;5;29;3.787;1;0;0
2009;5;30;4.997;1;0;0
2009;5;31;4.256;1;0;0
2009;6;1;4.115;1;0;0
2009;6;2;4.076;1;0;0
2009;6;3;4.061;1;0;0
2009;6;4;3.871;1;0;0
2009;6;5;3.767;1;0;0
2009;6;6;3.72;1;0;0
2009;6;7;3.672;1;0;0
2009;6;8;3.613;1;0;0
2009;6;9;3.584;1;0;0
2009;6;10;3.532;1;0;0
2009;6;11;3.497;1;0;0
2009;6;12;3.44;1;0;0
2009;6;13;3.395;1;0;0
2009;6;14;3.349;1;0;0
2009;6;15;3.332;1;0;0
2009;6;16;3.325;1;0;0
2009;6;17;3.3;1;0;0
2009;6;18;3.272;1;0;0
2009;6;19;3.382;1;0;0
2009;6;20;3.398;1;0;0
2009;6;21;3.279;1;0;0
2009;6;22;3.956;1;0;0
2009;6;23;7.291;1;0;0
2009;6;24;12.541;1;0;0
2009;6;25;7.051;1;0;0
2009;6;26;5.655;1;0;0
2009;6;27;5.385;1;0;0
2009;6;28;7.122;1;0;0
2009;6;29;11.433;1;0;0
2009;6;30;6.691;1;0;0
2009;7;1;5.982;1;0;0
2009;7;2;5.897;1;0;0
2009;7;3;5.945;1;0;0
2009;7;4;5.957;1;0;0
2009;7;5;5.815;1;0;0
2009;7;6;6.239;1;0;0
2009;7;7;6.325;1;0;0
2009;7;8;6.122;1;0;0
2009;7;9;5.942;1;0;0
2009;7;10;5.766;1;0;0
2009;7;11;5.639;1;0;0
2009;7;12;5.544;1;0;0
2009;7;13;5.513;1;0;0
2009;7;14;5.38;1;0;0
2009;7;15;5.274;1;0;0
2009;7;16;5.184;1;0;0
2009;7;17;5.084;1;0;0
2009;7;18;5.296;1;0;0
2009;7;19;5.123;1;0;0
2009;7;20;4.964;1;0;0
2009;7;21;4.83;1;0;0
2009;7;22;4.736;1;0;0
2009;7;23;4.691;1;0;0
2009;7;24;4.758;1;0;0
2009;7;25;4.84;1;0;0
2009;7;26;4.511;1;0;0
2009;7;27;4.006;1;0;0
2009;7;28;4.05;1;0;0
2009;7;29;4.08;1;0;0
2009;7;30;4.04;1;0;0
2009;7;31;3.985;1;0;0
2009;8;1;3.933;1;0;0
2009;8;2;3.906;1;0;0
2009;8;3;3.895;1;0;0
2009;8;4;4.302;1;0;0
2009;8;5;4.271;1;0;0
2009;8;6;3.975;1;0;0
2009;8;7;3.88;1;0;0
2009;8;8;5.224;1;0;0
2009;8;9;4.722;1;0;0
2009;8;10;4.612;1;0;0
2009;8;11;5.294;1;0;0
2009;8;12;4.776;1;0;0
2009;8;13;4.558;1;0;0
2009;8;14;4.426;1;0;0
2009;8;15;4.278;1;0;0
2009;8;16;4.162;1;0;0
2009;8;17;4.091;1;0;0
2009;8;18;4.004;1;0;0
2009;8;19;3.909;1;0;0
2009;8;20;3.849;1;0;0
2009;8;21;3.796;1;0;0
2009;8;22;3.981;1;0;0
2009;8;23;3.824;1;0;0
2009;8;24;3.705;1;0;0
2009;8;25;3.62;1;0;0
2009;8;26;3.584;1;0;0
2009;8;27;3.546;1;0;0
2009;8;28;3.55;1;0;0
2009;8;29;3.621;1;0;0
2009;8;30;3.517;1;0;0
2009;8;31;3.472;1;0;0
2009;9;1;3.449;1;0;0
2009;9;2;3.408;1;0;0
2009;9;3;3.411;1;0;0
2009;9;4;3.486;1;0;0
2009;9;5;3.454;1;0;0
2009;9;6;3.365;1;0;0
2009;9;7;3.302;1;0;0
2009;9;8;3.254;1;0;0
2009;9;9;3.2;1;0;0
2009;9;10;3.138;1;0;0
2009;9;11;3.195;1;0;0
2009;9;12;3.163;1;0;0
2009;9;13;3.133;1;0;0
2009;9;14;3.122;1;0;0
2009;9;15;3.07;1;0;0
2009;9;16;3.027;1;0;0
2009;9;17;3.177;1;0;0
2009;9;18;3.147;1;0;0
2009;9;19;3.036;1;0;0
2009;9;20;2.984;1;0;0
2009;9;21;2.944;1;0;0
2009;9;22;2.906;1;0;0
2009;9;23;2.888;1;0;0
2009;9;24;2.866;1;0;0
2009;9;25;2.85;1;0;0
2009;9;26;2.831;1;0;0
2009;9;27;2.815;1;0;0
2009;9;28;2.794;1;0;0
2009;9;29;2.786;1;0;0
2009;9;30;2.762;1;0;0
2009;10;1;2.754;1;0;0
2009;10;2;2.734;1;0;0
2009;10;3;2.711;1;0;0
2009;10;4;2.699;1;0;0
2009;10;5;2.689;1;0;0
2009;10;6;2.665;1;0;0
2009;10;7;2.638;1;0;0
2009;10;8;2.62;1;0;0
2009;10;9;2.645;1;0;0
2009;10;10;2.593;1;0;0
2009;10;11;2.595;1;0;0
2009;10;12;2.67;1;0;0
2009;10;13;2.771;1;0;0
2009;10;14;2.682;1;0;0
2009;10;15;2.601;1;0;0
2009;10;16;2.559;1;0;0
2009;10;17;2.651;1;0;0
2009;10;18;2.688;1;0;0
2009;10;19;2.631;1;0;0
2009;10;20;2.551;1;0;0
2009;10;21;2.509;1;0;0
2009;10;22;2.544;1;0;0
2009;10;23;2.546;1;0;0
2009;10;24;2.498;1;0;0
2009;10;25;2.451;1;0;0
2009;10;26;2.43;1;0;0
2009;10;27;2.412;1;0;0
2009;10;28;2.399;1;0;0
2009;10;29;2.434;1;0;0
2009;10;30;2.415;1;0;0
2009;10;31;2.389;1;0;0
2009;11;1;2.392;1;0;0
2009;11;2;2.381;1;0;0
2009;11;3;2.467;1;0;0
2009;11;4;2.46;1;0;0
2009;11;5;2.438;1;0;0
2009;11;6;2.42;1;0;0
2009;11;7;2.416;1;0;0
2009;11;8;2.42;1;0;0
2009;11;9;2.408;1;0;0
2009;11;10;2.407;1;0;0
2009;11;11;2.42;1;0;0
2009;11;12;2.398;1;0;0
2009;11;13;2.382;1;0;0
2009;11;14;2.362;1;0;0
2009;11;15;2.355;1;0;0
2009;11;16;2.344;1;0;0
2009;11;17;2.327;1;0;0
2009;11;18;2.31;1;0;0
2009;11;19;2.29;1;0;0
2009;11;20;2.288;1;0;0
2009;11;21;2.277;1;0;0
2009;11;22;2.27;1;0;0
2009;11;23;2.279;1;0;0
2009;11;24;2.289;1;0;0
2009;11;25;2.275;1;0;0
2009;11;26;2.237;1;0;0
2009;11;27;2.225;1;0;0
2009;11;28;2.22;1;0;0
2009;11;29;2.211;1;0;0
2009;11;30;2.218;1;0;0
2009;12;1;2.251;1;0;0
2009;12;2;2.22;1;0;0
2009;12;3;2.201;1;0;0
2009;12;4;2.217;1;0;0
2009;12;5;2.19;1;0;0
2009;12;6;2.179;1;0;0
2009;12;7;2.157;1;0;0
2009;12;8;2.201;1;0;0
2009;12;9;2.301;1;0;0
2009;12;10;2.257;1;0;0
2009;12;11;2.63;1;0;0
2009;12;12;2.5;1;0;0
2009;12;13;2.351;1;0;0
2009;12;14;2.274;1;0;0
2009;12;15;2.217;1;0;0
2009;12;16;2.188;1;0;0
2009;12;17;2.164;1;0;0
2009;12;18;2.133;1;0;0
2009;12;19;2.117;1;0;0
2009;12;20;2.111;1;0;0
2009;12;21;2.093;1;0;0
2009;12;22;2.095;1;0;0
2009;12;23;2.164;1;0;0
2009;12;24;2.18;1;0;0
2009;12;25;2.293;1;0;0
2009;12;26;2.24;1;0;0
2009;12;27;2.2;1;0;0
2009;12;28;2.167;1;0;0
2009;12;29;2.128;1;0;0
2009;12;30;2.113;1;0;0
2009;12;31;2.107;1;0;0
2010;1;1;2.091;1;0;0
2010;1;2;2.116;1;0;0
2010;1;3;2.086;1;0;0
2010;1;4;2.06;1;0;0
2010;1;5;2.049;1;0;0
2010;1;6;2.062;1;0;0
2010;1;7;2.044;1;0;0
2010;1;8;2.048;1;0;0
2010;1;9;2.048;1;0;0
2010;1;10;2.036;1;0;0
2010;1;11;2.03;1;0;0
2010;1;12;2.017;1;0;0
2010;1;13;2.01;1;0;0
2010;1;14;1.999;1;0;0
2010;1;15;1.986;1;0;0
2010;1;16;1.991;1;0;0
2010;1;17;2.003;1;0;0
2010;1;18;2.045;1;0;0
2010;1;19;2.013;1;0;0
2010;1;20;2.004;1;0;0
2010;1;21;2.003;1;0;0
2010;1;22;1.984;1;0;0
2010;1;23;1.974;1;0;0
2010;1;24;1.96;1;0;0
2010;1;25;1.95;1;0;0
2010;1;26;1.959;1;0;0
2010;1;27;1.929;1;0;0
2010;1;28;1.929;1;0;0
2010;1;29;1.937;1;0;0
2010;1;30;1.93;1;0;0
2010;1;31;1.923;1;0;0
2010;2;1;1.924;1;0;0
2010;2;2;1.915;1;0;0
2010;2;3;1.972;1;0;0
2010;2;4;1.973;1;0;0
2010;2;5;1.95;1;0;0
2010;2;6;1.948;1;0;0
2010;2;7;1.937;1;0;0
2010;2;8;1.92;1;0;0
2010;2;9;1.905;1;0;0
2010;2;10;1.896;1;0;0
2010;2;11;1.895;1;0;0
2010;2;12;1.881;1;0;0
2010;2;13;1.872;1;0;0
2010;2;14;1.86;1;0;0
2010;2;15;1.861;1;0;0
2010;2;16;1.848;1;0;0
2010;2;17;1.87;1;0;0
2010;2;18;1.867;1;0;0
2010;2;19;1.931;1;0;0
2010;2;20;2.013;1;0;0
2010;2;21;1.958;1;0;0
2010;2;22;1.942;1;0;0
2010;2;23;1.957;1;0;0
2010;2;24;2.012;1;0;0
2010;2;25;2.086;1;0;0
2010;2;26;2.254;1;0;0
2010;2;27;2.406;1;0;0
2010;2;28;2.342;1;0;0
2010;3;1;2.486;1;0;0
2010;3;2;2.408;1;0;0
2010;3;3;2.323;1;0;0
2010;3;4;2.261;1;0;0
2010;3;5;2.223;1;0;0
2010;3;6;2.18;1;0;0
2010;3;7;2.15;1;0;0
2010;3;8;2.124;1;0;0
2010;3;9;2.101;1;0;0
2010;3;10;2.099;1;0;0
2010;3;11;2.11;1;0;0
2010;3;12;2.117;1;0;0
2010;3;13;2.117;1;0;0
2010;3;14;2.112;1;0;0
2010;3;15;2.127;1;0;0
2010;3;16;2.31;1;0;0
2010;3;17;2.348;1;0;0
2010;3;18;2.394;1;0;0
2010;3;19;2.502;1;0;0
2010;3;20;2.723;1;0;0
2010;3;21;3.051;1;0;0
2010;3;22;3.171;1;0;0
2010;3;23;3.022;1;0;0
2010;3;24;2.961;1;0;0
2010;3;25;3.006;1;0;0
2010;3;26;3.042;1;0;0
2010;3;27;2.993;1;0;0
2010;3;28;2.89;1;0;0
2010;3;29;2.845;1;0;0
2010;3;30;2.845;1;0;0
2010;3;31;2.887;1;0;0
2010;4;1;2.85;1;0;0
2010;4;2;2.859;1;0;0
2010;4;3;2.829;1;0;0
2010;4;4;2.824;1;0;0
2010;4;5;3.101;1;0;0
2010;4;6;3.045;1;0;0
2010;4;7;2.962;1;0;0
2010;4;8;2.92;1;0;0
2010;4;9;2.895;1;0;0
2010;4;10;2.889;1;0;0
2010;4;11;2.921;1;0;0
2010;4;12;2.9;1;0;0
2010;4;13;2.888;1;0;0
2010;4;14;3.032;1;0;0
2010;4;15;3.294;1;0;0
2010;4;16;3.346;1;0;0
2010;4;17;3.202;1;0;0
2010;4;18;3.099;1;0;0
2010;4;19;3.059;1;0;0
2010;4;20;3.03;1;0;0
2010;4;21;2.998;1;0;0
2010;4;22;2.978;1;0;0
2010;4;23;2.948;1;0;0
2010;4;24;2.938;1;0;0
2010;4;25;2.924;1;0;0
2010;4;26;2.921;1;0;0
2010;4;27;2.868;1;0;0
2010;4;28;2.866;1;0;0
2010;4;29;2.863;1;0;0
2010;4;30;2.855;1;0;0
2010;5;1;2.857;1;0;0
2010;5;2;2.844;1;0;0
2010;5;3;2.829;1;0;0
2010;5;4;2.84;1;0;0
2010;5;5;2.81;1;0;0
2010;5;6;2.796;1;0;0
2010;5;7;2.769;1;0;0
2010;5;8;2.746;1;0;0
2010;5;9;2.75;1;0;0
2010;5;10;2.75;1;0;0
2010;5;11;2.718;1;0;0
2010;5;12;2.697;1;0;0
2010;5;13;2.686;1;0;0
2010;5;14;2.696;1;0;0
2010;5;15;2.728;1;0;0
2010;5;16;3.377;1;0;0
2010;5;17;3.216;1;0;0
2010;5;18;3.02;1;0;0
2010;5;19;2.905;1;0;0
2010;5;20;2.855;1;0;0
2010;5;21;4.42;1;0;0
2010;5;22;6.261;1;0;0
2010;5;23;4.453;1;0;0
2010;5;24;3.904;1;0;0
2010;5;25;3.721;1;0;0
2010;5;26;3.625;1;0;0
2010;5;27;3.62;1;0;0
2010;5;28;3.642;1;0;0
2010;5;29;3.698;1;0;0
2010;5;30;3.685;1;0;0
2010;5;31;3.668;1;0;0
2010;6;1;3.747;1;0;0
2010;6;2;6.859;1;0;0
2010;6;3;6.393;1;0;0
2010;6;4;6.28;1;0;0
2010;6;5;5.416;1;0;0
2010;6;6;4.996;1;0;0
2010;6;7;4.752;1;0;0
2010;6;8;4.609;1;0;0
2010;6;9;4.494;1;0;0
2010;6;10;4.421;1;0;0
2010;6;11;4.327;1;0;0
2010;6;12;4.479;1;0;0
2010;6;13;4.388;1;0;0
2010;6;14;4.331;1;0;0
2010;6;15;4.226;1;0;0
2010;6;16;4.575;1;0;0
2010;6;17;4.315;1;0;0
2010;6;18;4.217;1;0;0
2010;6;19;4.235;1;0;0
2010;6;20;4.471;1;0;0
2010;6;21;4.941;1;0;0
2010;6;22;4.805;1;0;0
2010;6;23;4.497;1;0;0
2010;6;24;4.379;1;0;0
2010;6;25;4.384;1;0;0
2010;6;26;4.308;1;0;0
2010;6;27;4.218;1;0;0
2010;6;28;4.173;1;0;0
2010;6;29;4.131;1;0;0
2010;6;30;4.107;1;0;0
2010;7;1;4.07;1;0;0
2010;7;2;4.035;1;0;0
2010;7;3;4.02;1;0;0
2010;7;4;3.96;1;0;0
2010;7;5;3.928;1;0;0
2010;7;6;3.908;1;0;0
2010;7;7;3.887;1;0;0
2010;7;8;3.835;1;0;0
2010;7;9;3.801;1;0;0
2010;7;10;3.76;1;0;0
2010;7;11;3.72;1;0;0
2010;7;12;3.656;1;0;0
2010;7;13;3.624;1;0;0
2010;7;14;3.578;1;0;0
2010;7;15;3.539;1;0;0
2010;7;16;3.499;1;0;0
2010;7;17;3.83;1;0;0
2010;7;18;3.751;1;0;0
2010;7;19;3.537;1;0;0
2010;7;20;3.442;1;0;0
2010;7;21;3.394;1;0;0
2010;7;22;3.358;1;0;0
2010;7;23;3.472;1;0;0
2010;7;24;3.623;1;0;0
2010;7;25;3.623;1;0;0
2010;7;26;3.467;1;0;0
2010;7;27;3.37;1;0;0
2010;7;28;3.314;1;0;0
2010;7;29;3.329;1;0;0
2010;7;30;3.576;1;0;0
2010;7;31;3.401;1;0;0
2010;8;1;3.303;1;0;0
2010;8;2;3.252;1;0;0
2010;8;3;3.228;1;0;0
2010;8;4;3.193;1;0;0
2010;8;5;3.173;1;0;0
2010;8;6;3.188;1;0;0
2010;8;7;3.532;1;0;0
2010;8;8;3.97;1;0;0
2010;8;9;3.452;1;0;0
2010;8;10;3.293;1;0;0
2010;8;11;3.319;1;0;0
2010;8;12;3.267;1;0;0
2010;8;13;3.238;1;0;0
2010;8;14;3.196;1;0;0
2010;8;15;3.16;1;0;0
2010;8;16;3.108;1;0;0
2010;8;17;3.08;1;0;0
2010;8;18;3.053;1;0;0
2010;8;19;3.028;1;0;0
2010;8;20;2.999;1;0;0
2010;8;21;2.956;1;0;0
2010;8;22;2.937;1;0;0
2010;8;23;2.92;1;0;0
2010;8;24;3.008;1;0;0
2010;8;25;2.926;1;0;0
2010;8;26;2.875;1;0;0
2010;8;27;2.907;1;0;0
2010;8;28;2.892;1;0;0
2010;8;29;2.86;1;0;0
2010;8;30;2.927;1;0;0
2010;8;31;5.052;1;0;0
2010;9;1;4.235;1;0;0
2010;9;2;3.023;1;0;0
2010;9;3;2.769;1;0;0
2010;9;4;2.714;1;0;0
2010;9;5;2.643;1;0;0
2010;9;6;2.587;1;0;0
2010;9;7;2.539;1;0;0
2010;9;8;2.513;1;0;0
2010;9;9;2.531;1;0;0
2010;9;10;2.493;1;0;0
2010;9;11;2.479;1;0;0
2010;9;12;2.461;1;0;0
2010;9;13;2.455;1;0;0
2010;9;14;2.431;1;0;0
2010;9;15;2.424;1;0;0
2010;9;16;2.431;1;0;0
2010;9;17;2.425;1;0;0
2010;9;18;2.437;1;0;0
2010;9;19;2.386;1;0;0
2010;9;20;2.347;1;0;0
2010;9;21;2.325;1;0;0
2010;9;22;2.308;1;0;0
2010;9;23;2.283;1;0;0
2010;9;24;2.268;1;0;0
2010;9;25;2.316;1;0;0
2010;9;26;2.576;1;0;0
2010;9;27;2.375;1;0;0
2010;9;28;2.301;1;0;0
2010;9;29;2.373;1;0;0
2010;9;30;2.35;1;0;0
2010;10;1;2.278;1;0;0
2010;10;2;2.25;1;0;0
2010;10;3;2.229;1;0;0
2010;10;4;2.214;1;0;0
2010;10;5;2.204;1;0;0
2010;10;6;2.184;1;0;0
2010;10;7;2.186;1;0;0
2010;10;8;2.171;1;0;0
2010;10;9;2.163;1;0;0
2010;10;10;2.148;1;0;0
2010;10;11;2.133;1;0;0
2010;10;12;2.121;1;0;0
2010;10;13;2.116;1;0;0
2010;10;14;2.102;1;0;0
2010;10;15;2.089;1;0;0
2010;10;16;2.081;1;0;0
2010;10;17;2.122;1;0;0
2010;10;18;2.092;1;0;0
2010;10;19;2.061;1;0;0
2010;10;20;2.07;1;0;0
2010;10;21;2.135;1;0;0
2010;10;22;2.033;1;0;0
2010;10;23;2.015;1;0;0
2010;10;24;2.01;1;0;0
2010;10;25;2.152;1;0;0
2010;10;26;2.119;1;0;0
2010;10;27;2.063;1;0;0
2010;10;28;2.023;1;0;0
2010;10;29;2.001;1;0;0
2010;10;30;1.987;1;0;0
2010;10;31;1.96;1;0;0
2010;11;1;1.939;1;0;0
2010;11;2;1.907;1;0;0
2010;11;3;1.904;1;0;0
2010;11;4;1.9;1;0;0
2010;11;5;1.884;1;0;0
2010;11;6;1.88;1;0;0
2010;11;7;1.873;1;0;0
2010;11;8;1.91;1;0;0
2010;11;9;1.884;1;0;0
2010;11;10;1.864;1;0;0
2010;11;11;1.851;1;0;0
2010;11;12;1.871;1;0;0
2010;11;13;1.848;1;0;0
2010;11;14;1.835;1;0;0
2010;11;15;1.828;1;0;0
2010;11;16;1.817;1;0;0
2010;11;17;1.812;1;0;0
2010;11;18;1.809;1;0;0
2010;11;19;1.818;1;0;0
2010;11;20;1.798;1;0;0
2010;11;21;1.788;1;0;0
2010;11;22;1.792;1;0;0
2010;11;23;1.786;1;0;0
2010;11;24;1.775;1;0;0
2010;11;25;1.761;1;0;0
2010;11;26;1.756;1;0;0
2010;11;27;1.754;1;0;0
2010;11;28;1.744;1;0;0
2010;11;29;1.748;1;0;0
2010;11;30;1.736;1;0;0
2010;12;1;1.734;1;0;0
2010;12;2;1.727;1;0;0
2010;12;3;1.738;1;0;0
2010;12;4;1.722;1;0;0
2010;12;5;1.702;1;0;0
2010;12;6;1.694;1;0;0
2010;12;7;1.74;1;0;0
2010;12;8;1.755;1;0;0
2010;12;9;1.785;1;0;0
2010;12;10;1.785;1;0;0
2010;12;11;1.783;1;0;0
2010;12;12;1.852;1;0;0
2010;12;13;1.812;1;0;0
2010;12;14;1.773;1;0;0
2010;12;15;1.771;1;0;0
2010;12;16;1.742;1;0;0
2010;12;17;1.73;1;0;0
2010;12;18;1.727;1;0;0
2010;12;19;1.715;1;0;0
2010;12;20;1.712;1;0;0
2010;12;21;1.708;1;0;0
2010;12;22;1.731;1;0;0
2010;12;23;1.979;1;0;0
2010;12;24;2.615;1;0;0
2010;12;25;2.378;1;0;0
2010;12;26;2.135;1;0;0
2010;12;27;2.038;1;0;0
2010;12;28;1.978;1;0;0
2010;12;29;1.952;1;0;0
2010;12;30;1.928;1;0;0
2010;12;31;1.932;1;0;0
2011;1;1;1.945;1;0;0
2011;1;2;1.958;1;0;0
2011;1;3;1.964;1;0;0
2011;1;4;1.98;1;0;0
2011;1;5;1.975;1;0;0
2011;1;6;1.954;1;0;0
2011;1;7;1.93;1;0;0
2011;1;8;1.93;1;0;0
2011;1;9;1.944;1;0;0
2011;1;10;1.931;1;0;0
2011;1;11;1.945;1;0;0
2011;1;12;1.96;1;0;0
2011;1;13;2.845;1;0;0
2011;1;14;4.428;1;0;0
2011;1;15;3.43;1;0;0
2011;1;16;2.932;1;0;0
2011;1;17;2.685;1;0;0
2011;1;18;2.568;1;0;0
2011;1;19;2.566;1;0;0
2011;1;20;2.539;1;0;0
2011;1;21;2.5;1;0;0
2011;1;22;2.488;1;0;0
2011;1;23;2.493;1;0;0
2011;1;24;2.5;1;0;0
2011;1;25;2.465;1;0;0
2011;1;26;2.451;1;0;0
2011;1;27;2.411;1;0;0
2011;1;28;2.378;1;0;0
2011;1;29;2.332;1;0;0
2011;1;30;2.297;1;0;0
2011;1;31;2.255;1;0;0
2011;2;1;2.222;1;0;0
2011;2;2;2.238;1;0;0
2011;2;3;2.456;1;0;0
2011;2;4;2.523;1;0;0
2011;2;5;2.623;1;0;0
2011;2;6;2.716;1;0;0
2011;2;7;2.687;1;0;0
2011;2;8;2.652;1;0;0
2011;2;9;2.596;1;0;0
2011;2;10;2.545;1;0;0
2011;2;11;2.519;1;0;0
2011;2;12;2.991;1;0;0
2011;2;13;2.797;1;0;0
2011;2;14;2.708;1;0;0
2011;2;15;2.655;1;0;0
2011;2;16;2.611;1;0;0
2011;2;17;2.575;1;0;0
2011;2;18;2.558;1;0;0
2011;2;19;2.537;1;0;0
2011;2;20;2.525;1;0;0
2011;2;21;2.508;1;0;0
2011;2;22;2.487;1;0;0
2011;2;23;2.469;1;0;0
2011;2;24;2.551;1;0;0
2011;2;25;2.539;1;0;0
2011;2;26;2.528;1;0;0
2011;2;27;2.532;1;0;0
2011;2;28;2.521;1;0;0
2011;3;1;2.492;1;0;0
2011;3;2;2.492;1;0;0
2011;3;3;2.486;1;0;0
2011;3;4;2.464;1;0;0
2011;3;5;2.45;1;0;0
2011;3;6;2.443;1;0;0
2011;3;7;2.415;1;0;0
2011;3;8;2.402;1;0;0
2011;3;9;2.384;1;0;0
2011;3;10;2.375;1;0;0
2011;3;11;2.365;1;0;0
2011;3;12;2.359;1;0;0
2011;3;13;2.368;1;0;0
2011;3;14;2.365;1;0;0
2011;3;15;2.365;1;0;0
2011;3;16;2.358;1;0;0
2011;3;17;2.317;1;0;0
2011;3;18;2.688;1;0;0
2011;3;19;2.766;1;0;0
2011;3;20;2.486;1;0;0
2011;3;21;2.396;1;0;0
2011;3;22;2.337;1;0;0
2011;3;23;2.295;1;0;0
2011;3;24;2.274;1;0;0
2011;3;25;2.265;1;0;0
2011;3;26;2.256;1;0;0
2011;3;27;2.255;1;0;0
2011;3;28;2.228;1;0;0
2011;3;29;2.2;1;0;0
2011;3;30;2.18;1;0;0
2011;3;31;2.154;1;0;0
2011;4;1;2.169;1;0;0
2011;4;2;2.155;1;0;0
2011;4;3;2.144;1;0;0
2011;4;4;2.157;1;0;0
2011;4;5;2.131;1;0;0
2011;4;6;2.097;1;0;0
2011;4;7;2.085;1;0;0
2011;4;8;2.105;1;0;0
2011;4;9;2.111;1;0;0
2011;4;10;2.123;1;0;0
2011;4;11;2.122;1;0;0
2011;4;12;2.174;1;0;0
2011;4;13;2.207;1;0;0
2011;4;14;2.404;1;0;0
2011;4;15;2.394;1;0;0
2011;4;16;2.347;1;0;0
2011;4;17;2.331;1;0;0
2011;4;18;2.34;1;0;0
2011;4;19;2.341;1;0;0
2011;4;20;2.326;1;0;0
2011;4;21;2.226;1;0;0
2011;4;22;2.195;1;0;0
2011;4;23;2.167;1;0;0
2011;4;24;2.154;1;0;0
2011;4;25;2.138;1;0;0
2011;4;26;2.129;1;0;0
2011;4;27;2.113;1;0;0
2011;4;28;2.119;1;0;0
2011;4;29;2.15;1;0;0
2011;4;30;2.163;1;0;0
2011;5;1;2.183;1;0;0
2011;5;2;2.183;1;0;0
2011;5;3;2.203;1;0;0
2011;5;4;2.175;1;0;0
2011;5;5;2.143;1;0;0
2011;5;6;2.13;1;0;0
2011;5;7;2.117;1;0;0
2011;5;8;2.104;1;0;0
2011;5;9;2.088;1;0;0
2011;5;10;2.072;1;0;0
2011;5;11;2.072;1;0;0
2011;5;12;2.119;1;0;0
2011;5;13;2.114;1;0;0
2011;5;14;2.122;1;0;0
2011;5;15;2.362;1;0;0
2011;5;16;2.215;1;0;0
2011;5;17;2.162;1;0;0
2011;5;18;2.148;1;0;0
2011;5;19;2.141;1;0;0
2011;5;20;2.135;1;0;0
2011;5;21;2.351;1;0;0
2011;5;22;2.2;1;0;0
2011;5;23;2.133;1;0;0
2011;5;24;2.099;1;0;0
2011;5;25;2.076;1;0;0
2011;5;26;2.052;1;0;0
2011;5;27;2.37;1;0;0
2011;5;28;2.703;1;0;0
2011;5;29;2.323;1;0;0
2011;5;30;2.183;1;0;0
2011;5;31;2.125;1;0;0
2011;6;1;2.086;1;0;0
2011;6;2;2.078;1;0;0
2011;6;3;2.13;1;0;0
2011;6;4;2.076;1;0;0
2011;6;5;2.057;1;0;0
2011;6;6;2.04;1;0;0
2011;6;7;2.045;1;0;0
2011;6;8;2.047;1;0;0
2011;6;9;2.061;1;0;0
2011;6;10;2.038;1;0;0
2011;6;11;2.03;1;0;0
2011;6;12;2.029;1;0;0
2011;6;13;2.027;1;0;0
2011;6;14;2.027;1;0;0
2011;6;15;2.032;1;0;0
2011;6;16;2.039;1;0;0
2011;6;17;2.041;1;0;0
2011;6;18;2.132;1;0;0
2011;6;19;2.32;1;0;0
2011;6;20;2.119;1;0;0
2011;6;21;2.095;1;0;0
2011;6;22;2.089;1;0;0
2011;6;23;2.214;1;0;0
2011;6;24;2.194;1;0;0
2011;6;25;2.155;1;0;0
2011;6;26;2.206;1;0;0
2011;6;27;2.162;1;0;0
2011;6;28;2.155;1;0;0
2011;6;29;2.147;1;0;0
2011;6;30;2.151;1;0;0
2011;7;1;2.154;1;0;0
2011;7;2;2.32;1;0;0
2011;7;3;2.168;1;0;0
2011;7;4;2.162;1;0;0
2011;7;5;2.56;1;0;0
2011;7;6;2.352;1;0;0
2011;7;7;2.253;1;0;0
2011;7;8;2.216;1;0;0
2011;7;9;2.195;1;0;0
2011;7;10;2.165;1;0;0
2011;7;11;2.138;1;0;0
2011;7;12;2.068;1;0;0
2011;7;13;2.01;1;0;0
2011;7;14;2.066;1;0;0
2011;7;15;2.082;1;0;0
2011;7;16;2.067;1;0;0
2011;7;17;2.085;1;0;0
2011;7;18;2.122;1;0;0
2011;7;19;2.127;1;0;0
2011;7;20;2.135;1;0;0
2011;7;21;2.29;1;0;0
2011;7;22;2.129;1;0;0
2011;7;23;2.109;1;0;0
2011;7;24;2.46;1;0;0
2011;7;25;2.518;1;0;0
2011;7;26;2.242;1;0;0
2011;7;27;2.167;1;0;0
2011;7;28;2.24;1;0;0
2011;7;29;2.202;1;0;0
2011;7;30;2.189;1;0;0
2011;7;31;2.131;1;0;0
2011;8;1;2.127;1;0;0
2011;8;2;2.107;1;0;0
2011;8;3;2.121;1;0;0
2011;8;4;3.296;1;0;0
2011;8;5;2.661;1;0;0
2011;8;6;2.453;1;0;0
2011;8;7;2.401;1;0;0
2011;8;8;2.46;1;0;0
2011;8;9;2.388;1;0;0
2011;8;10;2.324;1;0;0
2011;8;11;2.327;1;0;0
2011;8;12;2.329;1;0;0
2011;8;13;2.288;1;0;0
2011;8;14;2.245;1;0;0
2011;8;15;2.278;1;0;0
2011;8;16;2.23;1;0;0
2011;8;17;2.18;1;0;0
2011;8;18;2.195;1;0;0
2011;8;19;2.161;1;0;0
2011;8;20;2.185;1;0;0
2011;8;21;2.172;1;0;0
2011;8;22;2.176;1;0;0
2011;8;23;2.192;1;0;0
2011;8;24;2.214;1;0;0
2011;8;25;2.221;1;0;0
2011;8;26;2.245;1;0;0
2011;8;27;2.255;1;0;0
2011;8;28;2.229;1;0;0
2011;8;29;2.207;1;0;0
2011;8;30;2.195;1;0;0
2011;8;31;2.181;1;0;0
2011;9;1;2.161;1;0;0
2011;9;2;2.143;1;0;0
2011;9;3;2.118;1;0;0
2011;9;4;2.103;1;0;0
2011;9;5;2.102;1;0;0
2011;9;6;2.087;1;0;0
2011;9;7;2.082;1;0;0
2011;9;8;2.079;1;0;0
2011;9;9;2.247;1;0;0
2011;9;10;2.099;1;0;0
2011;9;11;2.054;1;0;0
2011;9;12;2.04;1;0;0
2011;9;13;2.012;1;0;0
2011;9;14;2.041;1;0;0
2011;9;15;2.009;1;0;0
2011;9;16;1.992;1;0;0
2011;9;17;1.975;1;0;0
2011;9;18;1.974;1;0;0
2011;9;19;2.436;1;0;0
2011;9;20;2.392;1;0;0
2011;9;21;2.134;1;0;0
2011;9;22;2.07;1;0;0
2011;9;23;2.033;1;0;0
2011;9;24;2.013;1;0;0
2011;9;25;1.995;1;0;0
2011;9;26;1.978;1;0;0
2011;9;27;1.955;1;0;0
2011;9;28;1.919;1;0;0
2011;9;29;1.937;1;0;0
2011;9;30;1.955;1;0;0
2011;10;1;1.953;1;0;0
2011;10;2;1.945;1;0;0
2011;10;3;1.938;1;0;0
2011;10;4;1.933;1;0;0
2011;10;5;1.928;1;0;0
2011;10;6;1.941;1;0;0
2011;10;7;2.357;1;0;0
2011;10;8;2.356;1;0;0
2011;10;9;2.477;1;0;0
2011;10;10;2.989;1;0;0
2011;10;11;2.871;1;0;0
2011;10;12;2.702;1;0;0
2011;10;13;3.974;1;0;0
2011;10;14;2.998;1;0;0
2011;10;15;2.646;1;0;0
2011;10;16;2.464;1;0;0
2011;10;17;2.356;1;0;0
2011;10;18;2.304;1;0;0
2011;10;19;2.276;1;0;0
2011;10;20;2.293;1;0;0
2011;10;21;2.247;1;0;0
2011;10;22;2.238;1;0;0
2011;10;23;2.249;1;0;0
2011;10;24;2.254;1;0;0
2011;10;25;2.267;1;0;0
2011;10;26;2.277;1;0;0
2011;10;27;2.282;1;0;0
2011;10;28;2.287;1;0;0
2011;10;29;2.289;1;0;0
2011;10;30;2.298;1;0;0
2011;10;31;2.301;1;0;0
2011;11;1;2.31;1;0;0
2011;11;2;2.314;1;0;0
2011;11;3;2.302;1;0;0
2011;11;4;2.259;1;0;0
2011;11;5;2.212;1;0;0
2011;11;6;2.167;1;0;0
2011;11;7;2.131;1;0;0
2011;11;8;2.093;1;0;0
2011;11;9;2.06;1;0;0
2011;11;10;2.044;1;0;0
2011;11;11;2.019;1;0;0
2011;11;12;2.007;1;0;0
2011;11;13;1.993;1;0;0
2011;11;14;1.978;1;0;0
2011;11;15;1.958;1;0;0
2011;11;16;1.943;1;0;0
2011;11;17;1.922;1;0;0
2011;11;18;1.9;1;0;0
2011;11;19;1.89;1;0;0
2011;11;20;1.876;1;0;0
2011;11;21;1.863;1;0;0
2011;11;22;1.846;1;0;0
2011;11;23;1.825;1;0;0
2011;11;24;1.813;1;0;0
2011;11;25;1.798;1;0;0
2011;11;26;1.783;1;0;0
2011;11;27;1.777;1;0;0
2011;11;28;1.769;1;0;0
2011;11;29;1.765;1;0;0
2011;11;30;1.76;1;0;0
2011;12;1;1.76;1;0;0
2011;12;2;1.756;1;0;0
2011;12;3;1.757;1;0;0
2011;12;4;1.764;1;0;0
2011;12;5;1.763;1;0;0
2011;12;6;1.739;1;0;0
2011;12;7;1.889;1;0;0
2011;12;8;1.919;1;0;0
2011;12;9;1.814;1;0;0
2011;12;10;1.793;1;0;0
2011;12;11;1.787;1;0;0
2011;12;12;1.793;1;0;0
2011;12;13;1.816;1;0;0
2011;12;14;1.798;1;0;0
2011;12;15;1.803;1;0;0
2011;12;16;1.831;1;0;0
2011;12;17;1.842;1;0;0
2011;12;18;1.804;1;0;0
2011;12;19;1.777;1;0;0
2011;12;20;1.746;1;0;0
2011;12;21;1.741;1;0;0
2011;12;22;1.719;1;0;0
2011;12;23;1.817;1;0;0
2011;12;24;1.905;1;0;0
2011;12;25;1.876;1;0;0
2011;12;26;1.831;1;0;0
2011;12;27;1.789;1;0;0
2011;12;28;1.756;1;0;0
2011;12;29;1.795;1;0;0
2011;12;30;1.793;1;0;0
2011;12;31;1.765;1;0;0
2012;1;1;1.899;1;0;0
2012;1;2;2.027;1;0;0
2012;1;3;2.078;1;0;0
2012;1;4;1.954;1;0;0
2012;1;5;2.05;1;0;0
2012;1;6;2.086;1;0;0
2012;1;7;1.983;1;0;0
2012;1;8;2.023;1;0;0
2012;1;9;2.025;1;0;0
2012;1;10;2.346;1;0;0
2012;1;11;2.17;1;0;0
2012;1;12;2.065;1;0;0
2012;1;13;2.166;1;0;0
2012;1;14;2.026;1;0;0
2012;1;15;1.933;1;0;0
2012;1;16;1.867;1;0;0
2012;1;17;1.833;1;0;0
2012;1;18;1.777;1;0;0
2012;1;19;2.135;1;0;0
2012;1;20;3.547;1;0;0
2012;1;21;2.765;1;0;0
2012;1;22;3.679;1;0;0
2012;1;23;3.319;1;0;0
2012;1;24;2.922;1;0;0
2012;1;25;2.7;1;0;0
2012;1;26;2.551;1;0;0
2012;1;27;2.452;1;0;0
2012;1;28;2.388;1;0;0
2012;1;29;2.35;1;0;0
2012;1;30;2.317;1;0;0
2012;1;31;2.315;1;0;0
2012;2;1;2.305;1;0;0
2012;2;2;2.289;1;0;0
2012;2;3;2.269;1;0;0
2012;2;4;2.257;1;0;0
2012;2;5;2.257;1;0;0
2012;2;6;2.222;1;0;0
2012;2;7;2.199;1;0;0
2012;2;8;2.175;1;0;0
2012;2;9;2.163;1;0;0
2012;2;10;2.135;1;0;0
2012;2;11;2.112;1;0;0
2012;2;12;2.075;1;0;0
2012;2;13;2.071;1;0;0
2012;2;14;2.057;1;0;0
2012;2;15;2.01;1;0;0
2012;2;16;1.997;1;0;0
2012;2;17;2.005;1;0;0
2012;2;18;1.998;1;0;0
2012;2;19;1.969;1;0;0
2012;2;20;1.919;1;0;0
2012;2;21;1.888;1;0;0
2012;2;22;1.878;1;0;0
2012;2;23;1.883;1;0;0
2012;2;24;2.326;1;0;0
2012;2;25;2.636;1;0;0
2012;2;26;2.56;1;0;0
2012;2;27;2.348;1;0;0
2012;2;28;2.621;1;0;0
2012;2;29;3.748;1;0;0
2012;3;1;3.547;1;0;0
2012;3;2;3.36;1;0;0
2012;3;3;3.208;1;0;0
2012;3;4;2.965;1;0;0
2012;3;5;2.821;1;0;0
2012;3;6;2.744;1;0;0
2012;3;7;2.71;1;0;0
2012;3;8;2.728;1;0;0
2012;3;9;2.711;1;0;0
2012;3;10;2.7;1;0;0
2012;3;11;2.773;1;0;0
2012;3;12;2.991;1;0;0
2012;3;13;3.195;1;0;0
2012;3;14;3.069;1;0;0
2012;3;15;3;1;0;0
2012;3;16;2.975;1;0;0
2012;3;17;3.05;1;0;0
2012;3;18;3.079;1;0;0
2012;3;19;3.021;1;0;0
2012;3;20;2.964;1;0;0
2012;3;21;2.975;1;0;0
2012;3;22;2.972;1;0;0
2012;3;23;2.976;1;0;0
2012;3;24;2.98;1;0;0
2012;3;25;2.941;1;0;0
2012;3;26;2.902;1;0;0
2012;3;27;2.861;1;0;0
2012;3;28;2.853;1;0;0
2012;3;29;2.893;1;0;0
2012;3;30;3.054;1;0;0
2012;3;31;2.941;1;0;0
2012;4;1;2.897;1;0;0
2012;4;2;2.875;1;0;0
2012;4;3;2.849;1;0;0
2012;4;4;2.854;1;0;0
2012;4;5;2.848;1;0;0
2012;4;6;2.857;1;0;0
2012;4;7;2.855;1;0;0
2012;4;8;2.848;1;0;0
2012;4;9;2.847;1;0;0
2012;4;10;2.843;1;0;0
2012;4;11;2.845;1;0;0
2012;4;12;2.887;1;0;0
2012;4;13;2.855;1;0;0
2012;4;14;2.882;1;0;0
2012;4;15;2.894;1;0;0
2012;4;16;2.972;1;0;0
2012;4;17;3.038;1;0;0
2012;4;18;2.979;1;0;0
2012;4;19;2.935;1;0;0
2012;4;20;2.93;1;0;0
2012;4;21;2.904;1;0;0
2012;4;22;2.91;1;0;0
2012;4;23;2.889;1;0;0
2012;4;24;2.861;1;0;0
2012;4;25;2.812;1;0;0
2012;4;26;2.772;1;0;0
2012;4;27;2.743;1;0;0
2012;4;28;2.729;1;0;0
2012;4;29;2.716;1;0;0
2012;4;30;2.69;1;0;0
2012;5;1;2.66;1;0;0
2012;5;2;2.636;1;0;0
2012;5;3;2.636;1;0;0
2012;5;4;2.642;1;0;0
2012;5;5;2.622;1;0;0
2012;5;6;2.625;1;0;0
2012;5;7;2.614;1;0;0
2012;5;8;2.612;1;0;0
2012;5;9;2.623;1;0;0
2012;5;10;2.622;1;0;0
2012;5;11;2.633;1;0;0
2012;5;12;2.66;1;0;0
2012;5;13;2.659;1;0;0
2012;5;14;2.643;1;0;0
2012;5;15;2.644;1;0;0
2012;5;16;2.712;1;0;0
2012;5;17;2.656;1;0;0
2012;5;18;2.632;1;0;0
2012;5;19;2.632;1;0;0
2012;5;20;2.634;1;0;0
2012;5;21;2.622;1;0;0
2012;5;22;2.648;1;0;0
2012;5;23;2.553;1;0;0
2012;5;24;2.482;1;0;0
2012;5;25;2.43;1;0;0
2012;5;26;2.386;1;0;0
2012;5;27;2.351;1;0;0
2012;5;28;2.33;1;0;0
2012;5;29;2.293;1;0;0
2012;5;30;2.271;1;0;0
2012;5;31;2.285;1;0;0
2012;6;1;2.323;1;0;0
2012;6;2;2.259;1;0;0
2012;6;3;2.222;1;0;0
2012;6;4;2.289;1;0;0
2012;6;5;2.241;1;0;0
2012;6;6;2.198;1;0;0
2012;6;7;2.159;1;0;0
2012;6;8;2.146;1;0;0
2012;6;9;2.172;1;0;0
2012;6;10;2.218;1;0;0
2012;6;11;2.238;1;0;0
2012;6;12;2.234;1;0;0
2012;6;13;2.585;1;0;0
2012;6;14;2.375;1;0;0
2012;6;15;2.304;1;0;0
2012;6;16;2.262;1;0;0
2012;6;17;2.258;1;0;0
2012;6;18;2.255;1;0;0
2012;6;19;2.277;1;0;0
2012;6;20;2.515;1;0;0
2012;6;21;2.58;1;0;0
2012;6;22;2.403;1;0;0
2012;6;23;2.714;1;0;0
2012;6;24;2.48;1;0;0
2012;6;25;2.447;1;0;0
2012;6;26;2.324;1;0;0
2012;6;27;2.242;1;0;0
2012;6;28;2.185;1;0;0
2012;6;29;2.139;1;0;0
2012;6;30;2.117;1;0;0
2012;7;1;2.116;1;0;0
2012;7;2;2.096;1;0;0
2012;7;3;2.118;1;0;0
2012;7;4;2.201;1;0;0
2012;7;5;2.124;1;0;0
2012;7;6;2.112;1;0;0
2012;7;7;2.103;1;0;0
2012;7;8;2.117;1;0;0
2012;7;9;2.16;1;0;0
2012;7;10;2.215;1;0;0
2012;7;11;2.165;1;0;0
2012;7;12;2.127;1;0;0
2012;7;13;2.215;1;0;0
2012;7;14;2.192;1;0;0
2012;7;15;2.417;1;0;0
2012;7;16;2.23;1;0;0
2012;7;17;2.166;1;0;0
2012;7;18;2.145;1;0;0
2012;7;19;2.126;1;0;0
2012;7;20;2.239;1;0;0
2012;7;21;3.985;1;0;0
2012;7;22;3.048;1;0;0
2012;7;23;2.778;1;0;0
2012;7;24;2.698;1;0;0
2012;7;25;2.882;1;0;0
2012;7;26;2.798;1;0;0
2012;7;27;2.758;1;0;0
2012;7;28;2.726;1;0;0
2012;7;29;2.727;1;0;0
2012;7;30;2.746;1;0;0
2012;7;31;2.768;1;0;0
2012;8;1;2.771;1;0;0
2012;8;2;2.794;1;0;0
2012;8;3;2.826;1;0;0
2012;8;4;2.851;1;0;0
2012;8;5;2.866;1;0;0
2012;8;6;2.867;1;0;0
2012;8;7;2.86;1;0;0
2012;8;8;2.868;1;0;0
2012;8;9;2.846;1;0;0
2012;8;10;2.74;1;0;0
2012;8;11;2.78;1;0;0
2012;8;12;2.717;1;0;0
2012;8;13;2.654;1;0;0
2012;8;14;2.622;1;0;0
2012;8;15;2.573;1;0;0
2012;8;16;2.549;1;0;0
2012;8;17;2.517;1;0;0
2012;8;18;2.475;1;0;0
2012;8;19;2.451;1;0;0
2012;8;20;2.415;1;0;0
2012;8;21;2.385;1;0;0
2012;8;22;2.373;1;0;0
2012;8;23;2.34;1;0;0
2012;8;24;2.267;1;0;0
2012;8;25;2.297;1;0;0
2012;8;26;2.299;1;0;0
2012;8;27;2.277;1;0;0
2012;8;28;2.261;1;0;0
2012;8;29;2.243;1;0;0
2012;8;30;2.229;1;0;0
2012;8;31;2.342;1;0;0
2012;9;1;2.369;1;0;0
2012;9;2;2.27;1;0;0
2012;9;3;2.228;1;0;0
2012;9;4;2.195;1;0;0
2012;9;5;2.236;1;0;0
2012;9;6;2.273;1;0;0
2012;9;7;2.225;1;0;0
2012;9;8;2.222;1;0;0
2012;9;9;2.22;1;0;0
2012;9;10;2.239;1;0;0
2012;9;11;2.221;1;0;0
2012;9;12;2.547;1;0;0
2012;9;13;3.437;1;0;0
2012;9;14;2.629;1;0;0
2012;9;15;2.447;1;0;0
2012;9;16;2.397;1;0;0
2012;9;17;2.357;1;0;0
2012;9;18;2.334;1;0;0
2012;9;19;2.485;1;0;0
2012;9;20;2.444;1;0;0
2012;9;21;2.399;1;0;0
2012;9;22;2.395;1;0;0
2012;9;23;2.394;1;0;0
2012;9;24;2.402;1;0;0
2012;9;25;2.397;1;0;0
2012;9;26;2.366;1;0;0
2012;9;27;2.352;1;0;0
2012;9;28;2.364;1;0;0
2012;9;29;2.347;1;0;0
2012;9;30;2.352;1;0;0
2012;10;1;2.345;1;0;0
2012;10;2;2.336;1;0;0
2012;10;3;2.324;1;0;0
2012;10;4;2.313;1;0;0
2012;10;5;2.312;1;0;0
2012;10;6;2.292;1;0;0
2012;10;7;2.321;1;0;0
2012;10;8;2.286;1;0;0
2012;10;9;2.306;1;0;0
2012;10;10;2.306;1;0;0
2012;10;11;2.296;1;0;0
2012;10;12;2.289;1;0;0
2012;10;13;2.318;1;0;0
2012;10;14;2.277;1;0;0
2012;10;15;2.28;1;0;0
2012;10;16;2.347;1;0;0
2012;10;17;2.27;1;0;0
2012;10;18;2.246;1;0;0
2012;10;19;2.202;1;0;0
2012;10;20;2.178;1;0;0
2012;10;21;2.164;1;0;0
2012;10;22;2.151;1;0;0
2012;10;23;2.135;1;0;0
2012;10;24;2.132;1;0;0
2012;10;25;2.1;1;0;0
2012;10;26;2.102;1;0;0
2012;10;27;2.124;1;0;0
2012;10;28;2.104;1;0;0
2012;10;29;2.095;1;0;0
2012;10;30;2.077;1;0;0
2012;10;31;2.072;1;0;0
2012;11;1;2.098;1;0;0
2012;11;2;2.058;1;0;0
2012;11;3;2.007;1;0;0
2012;11;4;1.963;1;0;0
2012;11;5;2.528;1;0;0
2012;11;6;2.214;1;0;0
2012;11;7;2.155;1;0;0
2012;11;8;2.135;1;0;0
2012;11;9;2.125;1;0;0
2012;11;10;2.12;1;0;0
2012;11;11;2.124;1;0;0
2012;11;12;2.143;1;0;0
2012;11;13;2.175;1;0;0
2012;11;14;2.161;1;0;0
2012;11;15;2.172;1;0;0
2012;11;16;2.142;1;0;0
2012;11;17;2.115;1;0;0
2012;11;18;2.096;1;0;0
2012;11;19;2.08;1;0;0
2012;11;20;2.067;1;0;0
2012;11;21;2.048;1;0;0
2012;11;22;2.024;1;0;0
2012;11;23;2.021;1;0;0
2012;11;24;1.997;1;0;0
2012;11;25;1.98;1;0;0
2012;11;26;1.961;1;0;0
2012;11;27;1.968;1;0;0
2012;11;28;1.97;1;0;0
2012;11;29;1.982;1;0;0
2012;11;30;1.975;1;0;0
2012;12;1;1.973;1;0;0
2012;12;2;1.967;1;0;0
2012;12;3;1.966;1;0;0
2012;12;4;1.95;1;0;0
2012;12;5;1.934;1;0;0
2012;12;6;1.925;1;0;0
2012;12;7;1.892;1;0;0
2012;12;8;1.88;1;0;0
2012;12;9;1.86;1;0;0
2012;12;10;1.861;1;0;0
2012;12;11;1.862;1;0;0
2012;12;12;1.805;1;0;0
2012;12;13;1.808;1;0;0
2012;12;14;1.819;1;0;0
2012;12;15;1.871;1;0;0
2012;12;16;1.911;1;0;0
2012;12;17;1.915;1;0;0
2012;12;18;1.923;1;0;0
2012;12;19;2;1;0;0
2012;12;20;1.972;1;0;0
2012;12;21;1.929;1;0;0
2012;12;22;1.919;1;0;0
2012;12;23;2.723;1;0;0
2012;12;24;3.166;1;0;0
2012;12;25;2.82;1;0;0
2012;12;26;2.611;1;0;0
2012;12;27;2.534;1;0;0
2012;12;28;2.702;1;0;0
2012;12;29;2.654;1;0;0
2012;12;30;2.534;1;0;0
2012;12;31;2.479;1;0;0
2013;1;1;2.435;1;0;0
2013;1;2;2.399;1;0;0
2013;1;3;2.374;1;0;0
2013;1;4;2.657;1;0;0
2013;1;5;6.425;1;0;0
2013;1;6;6.644;1;0;0
2013;1;7;8.667;1;0;0
2013;1;8;5.459;1;0;0
2013;1;9;4.931;1;0;0
2013;1;10;4.551;1;0;0
2013;1;11;4.282;1;0;0
2013;1;12;4.126;1;0;0
2013;1;13;4.007;1;0;0
2013;1;14;4.143;1;0;0
2013;1;15;4.249;1;0;0
2013;1;16;4.165;1;0;0
2013;1;17;4.114;1;0;0
2013;1;18;4.023;1;0;0
2013;1;19;3.912;1;0;0
2013;1;20;3.853;1;0;0
2013;1;21;3.815;1;0;0
2013;1;22;3.741;1;0;0
2013;1;23;3.676;1;0;0
2013;1;24;3.591;1;0;0
2013;1;25;3.557;1;0;0
2013;1;26;3.48;1;0;0
2013;1;27;3.424;1;0;0
2013;1;28;3.399;1;0;0
2013;1;29;3.54;1;0;0
2013;1;30;4.762;1;0;0
2013;1;31;4.906;1;0;0
2013;2;1;4.337;1;0;0
2013;2;2;4.225;1;0;0
2013;2;3;4.046;1;0;0
2013;2;4;3.978;1;0;0
2013;2;5;4.275;1;0;0
2013;2;6;4.201;1;0;0
2013;2;7;4.041;1;0;0
2013;2;8;3.937;1;0;0
2013;2;9;3.898;1;0;0
2013;2;10;3.83;1;0;0
2013;2;11;3.777;1;0;0
2013;2;12;3.748;1;0;0
2013;2;13;3.69;1;0;0
2013;2;14;3.636;1;0;0
2013;2;15;3.582;1;0;0
2013;2;16;3.507;1;0;0
2013;2;17;3.486;1;0;0
2013;2;18;3.425;1;0;0
2013;2;19;3.398;1;0;0
2013;2;20;3.353;1;0;0
2013;2;21;3.3;1;0;0
2013;2;22;3.272;1;0;0
2013;2;23;3.256;1;0;0
2013;2;24;3.22;1;0;0
2013;2;25;3.205;1;0;0
2013;2;26;3.215;1;0;0
2013;2;27;3.168;1;0;0
2013;2;28;3.168;1;0;0
2013;3;1;3.207;1;0;0
2013;3;2;3.21;1;0;0
2013;3;3;3.181;1;0;0
2013;3;4;3.165;1;0;0
2013;3;5;3.19;1;0;0
2013;3;6;3.323;1;0;0
2013;3;7;3.578;1;0;0
2013;3;8;3.665;1;0;0
2013;3;9;3.636;1;0;0
2013;3;10;3.583;1;0;0
2013;3;11;3.477;1;0;0
2013;3;12;3.368;1;0;0
2013;3;13;3.362;1;0;0
2013;3;14;3.318;1;0;0
2013;3;15;3.274;1;0;0
2013;3;16;3.265;1;0;0
2013;3;17;3.282;1;0;0
2013;3;18;3.324;1;0;0
2013;3;19;3.38;1;0;0
2013;3;20;3.361;1;0;0
2013;3;21;3.353;1;0;0
2013;3;22;3.313;1;0;0
2013;3;23;3.258;1;0;0
2013;3;24;3.218;1;0;0
2013;3;25;3.202;1;0;0
2013;3;26;3.192;1;0;0
2013;3;27;3.162;1;0;0
2013;3;28;3.147;1;0;0
2013;3;29;3.117;1;0;0
2013;3;30;3.096;1;0;0
2013;3;31;3.057;1;0;0
2013;4;1;2.995;1;0;0
2013;4;2;2.962;1;0;0
2013;4;3;2.936;1;0;0
2013;4;4;2.903;1;0;0
2013;4;5;2.957;1;0;0
2013;4;6;2.935;1;0;0
2013;4;7;2.858;1;0;0
2013;4;8;2.81;1;0;0
2013;4;9;2.8;1;0;0
2013;4;10;2.809;1;0;0
2013;4;11;2.832;1;0;0
2013;4;12;2.972;1;0;0
2013;4;13;2.975;1;0;0
2013;4;14;2.99;1;0;0
2013;4;15;3.049;1;0;0
2013;4;16;3.066;1;0;0
2013;4;17;3.111;1;0;0
2013;4;18;3.153;1;0;0
2013;4;19;3.338;1;0;0
2013;4;20;3.358;1;0;0
2013;4;21;3.267;1;0;0
2013;4;22;3.219;1;0;0
2013;4;23;3.191;1;0;0
2013;4;24;3.163;1;0;0
2013;4;25;3.15;1;0;0
2013;4;26;3.165;1;0;0
2013;4;27;3.19;1;0;0
2013;4;28;3.181;1;0;0
2013;4;29;3.185;1;0;0
2013;4;30;3.159;1;0;0
2013;5;1;3.159;1;0;0
2013;5;2;3.164;1;0;0
2013;5;3;3.173;1;0;0
2013;5;4;3.198;1;0;0
2013;5;5;3.183;1;0;0
2013;5;6;3.178;1;0;0
2013;5;7;3.301;1;0;0
2013;5;8;3.14;1;0;0
2013;5;9;3.09;1;0;0
2013;5;10;3.193;1;0;0
2013;5;11;3.4;1;0;0
2013;5;12;3.37;1;0;0
2013;5;13;3.208;1;0;0
2013;5;14;3.114;1;0;0
2013;5;15;3.058;1;0;0
2013;5;16;3.028;1;0;0
2013;5;17;3.002;1;0;0
2013;5;18;2.972;1;0;0
2013;5;19;2.949;1;0;0
2013;5;20;2.919;1;0;0
2013;5;21;2.922;1;0;0
2013;5;22;2.894;1;0;0
2013;5;23;2.988;1;0;0
2013;5;24;3.018;1;0;0
2013;5;25;3.02;1;0;0
2013;5;26;3;1;0;0
2013;5;27;3.03;1;0;0
2013;5;28;3.01;1;0;0
2013;5;29;2.968;1;0;0
2013;5;30;3.254;1;0;0
2013;5;31;4.588;1;0;0
2013;6;1;3.914;1;0;0
2013;6;2;4.676;1;0;0
2013;6;3;4.328;1;0;0
2013;6;4;4.144;1;0;0
2013;6;5;4.575;1;0;0
2013;6;6;4.144;1;0;0
2013;6;7;3.925;1;0;0
2013;6;8;3.816;1;0;0
2013;6;9;3.759;1;0;0
2013;6;10;3.81;1;0;0
2013;6;11;5.509;1;0;0
2013;6;12;4.503;1;0;0
2013;6;13;4.141;1;0;0
2013;6;14;4.002;1;0;0
2013;6;15;3.936;1;0;0
2013;6;16;3.871;1;0;0
2013;6;17;3.828;1;0;0
2013;6;18;3.782;1;0;0
2013;6;19;3.73;1;0;0
2013;6;20;3.733;1;0;0
2013;6;21;3.688;1;0;0
2013;6;22;3.968;1;0;0
2013;6;23;3.845;1;0;0
2013;6;24;4.346;1;0;0
2013;6;25;6.1;1;0;0
2013;6;26;5.231;1;0;0
2013;6;27;4.515;1;0;0
2013;6;28;4.293;1;0;0
2013;6;29;4.147;1;0;0
2013;6;30;4.125;1;0;0
2013;7;1;4.013;1;0;0
2013;7;2;3.995;1;0;0
2013;7;3;3.948;1;0;0
2013;7;4;3.918;1;0;0
2013;7;5;3.997;1;0;0
2013;7;6;4.017;1;0;0
2013;7;7;3.964;1;0;0
2013;7;8;3.942;1;0;0
2013;7;9;3.884;1;0;0
2013;7;10;3.863;1;0;0
2013;7;11;3.983;1;0;0
2013;7;12;3.804;1;0;0
2013;7;13;3.73;1;0;0
2013;7;14;3.689;1;0;0
2013;7;15;3.625;1;0;0
2013;7;16;3.573;1;0;0
2013;7;17;3.54;1;0;0
2013;7;18;3.486;1;0;0
2013;7;19;3.521;1;0;0
2013;7;20;3.451;1;0;0
2013;7;21;3.372;1;0;0
2013;7;22;3.307;1;0;0
2013;7;23;3.275;1;0;0
2013;7;24;3.25;1;0;0
2013;7;25;3.253;1;0;0
2013;7;26;3.25;1;0;0
2013;7;27;3.219;1;0;0
2013;7;28;3.176;1;0;0
2013;7;29;3.167;1;0;0
2013;7;30;3.16;1;0;0
2013;7;31;3.139;1;0;0
2013;8;1;3.099;1;0;0
2013;8;2;3.048;1;0;0
2013;8;3;2.979;1;0;0
2013;8;4;2.969;1;0;0
2013;8;5;2.902;1;0;0
2013;8;6;2.845;1;0;0
2013;8;7;2.81;1;0;0
2013;8;8;2.768;1;0;0
2013;8;9;3.084;1;0;0
2013;8;10;2.927;1;0;0
2013;8;11;2.75;1;0;0
2013;8;12;2.758;1;0;0
2013;8;13;2.765;1;0;0
2013;8;14;2.708;1;0;0
2013;8;15;2.684;1;0;0
2013;8;16;2.66;1;0;0
2013;8;17;2.645;1;0;0
2013;8;18;2.633;1;0;0
2013;8;19;2.703;1;0;0
2013;8;20;2.7;1;0;0
2013;8;21;2.65;1;0;0
2013;8;22;2.634;1;0;0
2013;8;23;2.593;1;0;0
2013;8;24;2.612;1;0;0
2013;8;25;2.625;1;0;0
2013;8;26;2.59;1;0;0
2013;8;27;2.589;1;0;0
2013;8;28;3.015;1;0;0
2013;8;29;3.021;1;0;0
2013;8;30;2.69;1;0;0
2013;8;31;2.597;1;0;0
2013;9;1;2.555;1;0;0
2013;9;2;2.504;1;0;0
2013;9;3;2.465;1;0;0
2013;9;4;2.445;1;0;0
2013;9;5;2.424;1;0;0
2013;9;6;2.405;1;0;0
2013;9;7;2.401;1;0;0
2013;9;8;2.383;1;0;0
2013;9;9;2.413;1;0;0
2013;9;10;2.397;1;0;0
2013;9;11;2.388;1;0;0
2013;9;12;2.372;1;0;0
2013;9;13;2.384;1;0;0
2013;9;14;2.351;1;0;0
2013;9;15;2.338;1;0;0
2013;9;16;2.42;1;0;0
2013;9;17;3.026;1;0;0
2013;9;18;2.758;1;0;0
2013;9;19;2.671;1;0;0
2013;9;20;2.581;1;0;0
2013;9;21;2.597;1;0;0
2013;9;22;2.596;1;0;0
2013;9;23;2.509;1;0;0
2013;9;24;2.445;1;0;0
2013;9;25;2.417;1;0;0
2013;9;26;2.501;1;0;0
2013;9;27;2.603;1;0;0
2013;9;28;2.486;1;0;0
2013;9;29;2.447;1;0;0
2013;9;30;2.445;1;0;0
2013;10;1;2.427;1;0;0
2013;10;2;2.397;1;0;0
2013;10;3;2.379;1;0;0
2013;10;4;2.363;1;0;0
2013;10;5;2.352;1;0;0
2013;10;6;2.356;1;0;0
2013;10;7;2.327;1;0;0
2013;10;8;2.337;1;0;0
2013;10;9;2.313;1;0;0
2013;10;10;2.337;1;0;0
2013;10;11;2.412;1;0;0
2013;10;12;2.336;1;0;0
2013;10;13;2.319;1;0;0
2013;10;14;2.313;1;0;0
2013;10;15;2.3;1;0;0
2013;10;16;2.315;1;0;0
2013;10;17;2.282;1;0;0
2013;10;18;2.257;1;0;0
2013;10;19;2.238;1;0;0
2013;10;20;2.228;1;0;0
2013;10;21;2.22;1;0;0
2013;10;22;2.213;1;0;0
2013;10;23;2.219;1;0;0
2013;10;24;2.225;1;0;0
2013;10;25;2.212;1;0;0
2013;10;26;2.206;1;0;0
2013;10;27;2.209;1;0;0
2013;10;28;2.199;1;0;0
2013;10;29;2.198;1;0;0
2013;10;30;2.246;1;0;0
2013;10;31;2.193;1;0;0
2013;11;1;2.175;1;0;0
2013;11;2;2.166;1;0;0
2013;11;3;2.185;1;0;0
2013;11;4;2.178;1;0;0
2013;11;5;2.235;1;0;0
2013;11;6;2.43;1;0;0
2013;11;7;2.58;1;0;0
2013;11;8;2.317;1;0;0
2013;11;9;2.295;1;0;0
2013;11;10;2.298;1;0;0
2013;11;11;2.521;1;0;0
2013;11;12;2.405;1;0;0
2013;11;13;2.365;1;0;0
2013;11;14;2.29;1;0;0
2013;11;15;2.245;1;0;0
2013;11;16;2.199;1;0;0
2013;11;17;2.178;1;0;0
2013;11;18;2.159;1;0;0
2013;11;19;2.135;1;0;0
2013;11;20;2.128;1;0;0
2013;11;21;2.116;1;0;0
2013;11;22;2.093;1;0;0
2013;11;23;2.513;1;0;0
2013;11;24;3.613;1;0;0
2013;11;25;3.322;1;0;0
2013;11;26;2.902;1;0;0
2013;11;27;2.725;1;0;0
2013;11;28;2.641;1;0;0
2013;11;29;2.608;1;0;0
2013;11;30;2.595;1;0;0
2013;12;1;2.562;1;0;0
2013;12;2;2.558;1;0;0
2013;12;3;2.552;1;0;0
2013;12;4;2.552;1;0;0
2013;12;5;2.57;1;0;0
2013;12;6;2.668;1;0;0
2013;12;7;2.638;1;0;0
2013;12;8;2.657;1;0;0
2013;12;9;2.868;1;0;0
2013;12;10;3.266;1;0;0
2013;12;11;3.147;1;0;0
2013;12;12;3.019;1;0;0
2013;12;13;2.973;1;0;0
2013;12;14;2.901;1;0;0
2013;12;15;2.847;1;0;0
2013;12;16;2.781;1;0;0
2013;12;17;2.767;1;0;0
2013;12;18;2.747;1;0;0
2013;12;19;2.733;1;0;0
2013;12;20;2.703;1;0;0
2013;12;21;2.673;1;0;0
2013;12;22;2.655;1;0;0
2013;12;23;2.639;1;0;0
2013;12;24;2.654;1;0;0
2013;12;25;2.661;1;0;0
2013;12;26;2.697;1;0;0
2013;12;27;2.685;1;0;0
2013;12;28;2.643;1;0;0
2013;12;29;2.601;1;0;0
2013;12;30;2.571;1;0;0
2013;12;31;2.557;1;0;0
2014;1;1;2.566;1;0;0
2014;1;2;2.581;1;0;0
2014;1;3;2.575;1;0;0
2014;1;4;2.587;1;0;0
2014;1;5;2.619;1;0;0
2014;1;6;2.613;1;0;0
2014;1;7;2.615;1;0;0
2014;1;8;2.612;1;0;0
2014;1;9;2.61;1;0;0
2014;1;10;2.625;1;0;0
2014;1;11;2.585;1;0;0
2014;1;12;2.583;1;0;0
2014;1;13;2.514;1;0;0
2014;1;14;2.482;1;0;0
2014;1;15;2.448;1;0;0
2014;1;16;2.418;1;0;0
2014;1;17;2.388;1;0;0
2014;1;18;2.355;1;0;0
2014;1;19;2.331;1;0;0
2014;1;20;2.322;1;0;0
2014;1;21;2.323;1;0;0
2014;1;22;2.29;1;0;0
2014;1;23;2.263;1;0;0
2014;1;24;2.266;1;0;0
2014;1;25;2.257;1;0;0
2014;1;26;2.264;1;0;0
2014;1;27;2.252;1;0;0
2014;1;28;2.246;1;0;0
2014;1;29;2.24;1;0;0
2014;1;30;2.227;1;0;0
2014;1;31;2.255;1;0;0
2014;2;1;2.27;1;0;0
2014;2;2;2.268;1;0;0
2014;2;3;2.238;1;0;0
2014;2;4;2.206;1;0;0
2014;2;5;2.191;1;0;0
2014;2;6;2.191;1;0;0
2014;2;7;2.205;1;0;0
2014;2;8;2.216;1;0;0
2014;2;9;2.297;1;0;0
2014;2;10;2.293;1;0;0
2014;2;11;2.309;1;0;0
2014;2;12;2.329;1;0;0
2014;2;13;2.307;1;0;0
2014;2;14;2.281;1;0;0
2014;2;15;2.264;1;0;0
2014;2;16;2.25;1;0;0
2014;2;17;2.25;1;0;0
2014;2;18;2.232;1;0;0
2014;2;19;2.325;1;0;0
2014;2;20;2.357;1;0;0
2014;2;21;2.298;1;0;0
2014;2;22;2.276;1;0;0
2014;2;23;2.232;1;0;0
2014;2;24;2.212;1;0;0
2014;2;25;2.192;1;0;0
2014;2;26;2.175;1;0;0
2014;2;27;2.159;1;0;0
2014;2;28;2.15;1;0;0
2014;3;1;2.177;1;0;0
2014;3;2;2.178;1;0;0
2014;3;3;2.125;1;0;0
2014;3;4;2.103;1;0;0
2014;3;5;2.094;1;0;0
2014;3;6;2.092;1;0;0
2014;3;7;2.072;1;0;0
2014;3;8;2.063;1;0;0
2014;3;9;2.051;1;0;0
2014;3;10;2.036;1;0;0
2014;3;11;2.037;1;0;0
2014;3;12;2.027;1;0;0
2014;3;13;2.014;1;0;0
2014;3;14;2.008;1;0;0
2014;3;15;2.079;1;0;0
2014;3;16;2.115;1;0;0
2014;3;17;2.056;1;0;0
2014;3;18;2.025;1;0;0
2014;3;19;2.01;1;0;0
2014;3;20;1.994;1;0;0
2014;3;21;1.992;1;0;0
2014;3;22;1.98;1;0;0
2014;3;23;2.062;1;0;0
2014;3;24;2.045;1;0;0
2014;3;25;2.01;1;0;0
2014;3;26;1.99;1;0;0
2014;3;27;1.98;1;0;0
2014;3;28;1.98;1;0;0
2014;3;29;1.971;1;0;0
2014;3;30;1.967;1;0;0
2014;3;31;1.975;1;0;0
2014;4;1;1.99;1;0;0
2014;4;2;2.021;1;0;0
2014;4;3;2.037;1;0;0
2014;4;4;2.037;1;0;0
2014;4;5;2.034;1;0;0
2014;4;6;2.055;1;0;0
2014;4;7;2.04;1;0;0
2014;4;8;2.047;1;0;0
2014;4;9;2.042;1;0;0
2014;4;10;2.178;1;0;0
2014;4;11;2.098;1;0;0
2014;4;12;2.061;1;0;0
2014;4;13;2.082;1;0;0
2014;4;14;2.132;1;0;0
2014;4;15;2.287;1;0;0
2014;4;16;2.468;1;0;0
2014;4;17;2.341;1;0;0
2014;4;18;2.253;1;0;0
2014;4;19;2.246;1;0;0
2014;4;20;2.259;1;0;0
2014;4;21;2.188;1;0;0
2014;4;22;2.149;1;0;0
2014;4;23;2.123;1;0;0
2014;4;24;2.106;1;0;0
2014;4;25;2.092;1;0;0
2014;4;26;2.087;1;0;0
2014;4;27;2.077;1;0;0
2014;4;28;2.145;1;0;0
2014;4;29;2.117;1;0;0
2014;4;30;2.102;1;0;0
2014;5;1;2.092;1;0;0
2014;5;2;2.135;1;0;0
2014;5;3;2.259;1;0;0
2014;5;4;2.202;1;0;0
2014;5;5;2.158;1;0;0
2014;5;6;2.156;1;0;0
2014;5;7;2.135;1;0;0
2014;5;8;2.156;1;0;0
2014;5;9;2.17;1;0;0
2014;5;10;2.182;1;0;0
2014;5;11;2.88;1;0;0
2014;5;12;2.936;1;0;0
2014;5;13;2.642;1;0;0
2014;5;14;2.686;1;0;0
2014;5;15;4.443;1;0;0
2014;5;16;21.254;1;0;0
2014;5;17;9.129;1;0;0
2014;5;18;6.146;1;0;0
2014;5;19;5.763;1;0;0
2014;5;20;5.209;1;0;0
2014;5;21;4.857;1;0;0
2014;5;22;4.589;1;0;0
2014;5;23;4.528;1;0;0
2014;5;24;4.442;1;0;0
2014;5;25;4.357;1;0;0
2014;5;26;4.243;1;0;0
2014;5;27;4.222;1;0;0
2014;5;28;4.156;1;0;0
2014;5;29;4.278;1;0;0
2014;5;30;4.234;1;0;0
2014;5;31;4.089;1;0;0
2014;6;1;4.07;1;0;0
2014;6;2;3.92;1;0;0
2014;6;3;3.869;1;0;0
2014;6;4;3.802;1;0;0
2014;6;5;3.763;1;0;0
2014;6;6;3.707;1;0;0
2014;6;7;3.662;1;0;0
2014;6;8;3.606;1;0;0
2014;6;9;3.607;1;0;0
2014;6;10;3.544;1;0;0
2014;6;11;3.457;1;0;0
2014;6;12;3.382;1;0;0
2014;6;13;3.328;1;0;0
2014;6;14;3.288;1;0;0
2014;6;15;3.236;1;0;0
2014;6;16;3.186;1;0;0
2014;6;17;3.118;1;0;0
2014;6;18;3.066;1;0;0
2014;6;19;3.01;1;0;0
2014;6;20;2.991;1;0;0
2014;6;21;2.938;1;0;0
2014;6;22;2.889;1;0;0
2014;6;23;2.84;1;0;0
2014;6;24;2.803;1;0;0
2014;6;25;2.785;1;0;0
2014;6;26;2.735;1;0;0
2014;6;27;2.711;1;0;0
2014;6;28;2.683;1;0;0
2014;6;29;2.725;1;0;0
2014;6;30;3.005;1;0;0
2014;7;1;2.718;1;0;0
2014;7;2;2.765;1;0;0
2014;7;3;2.719;1;0;0
2014;7;4;2.656;1;0;0
2014;7;5;2.644;1;0;0
2014;7;6;2.595;1;0;0
2014;7;7;2.59;1;0;0
2014;7;8;2.585;1;0;0
2014;7;9;2.592;1;0;0
2014;7;10;2.564;1;0;0
2014;7;11;2.597;1;0;0
2014;7;12;2.557;1;0;0
2014;7;13;2.538;1;0;0
2014;7;14;2.54;1;0;0
2014;7;15;2.493;1;0;0
2014;7;16;2.464;1;0;0
2014;7;17;2.507;1;0;0
2014;7;18;2.462;1;0;0
2014;7;19;2.45;1;0;0
2014;7;20;2.448;1;0;0
2014;7;21;2.867;1;0;0
2014;7;22;2.638;1;0;0
2014;7;23;3.193;1;0;0
2014;7;24;2.679;1;0;0
2014;7;25;2.598;1;0;0
2014;7;26;2.551;1;0;0
2014;7;27;2.833;1;0;0
2014;7;28;2.994;1;0;0
2014;7;29;2.863;1;0;0
2014;7;30;2.716;1;0;0
2014;7;31;3.694;1;0;0
2014;8;1;3.803;1;0;0
2014;8;2;3.053;1;0;0
2014;8;3;3.177;1;0;0
2014;8;4;3.049;1;0;0
2014;8;5;2.875;1;0;0
2014;8;6;2.856;1;0;0
2014;8;7;2.793;1;0;0
2014;8;8;2.77;1;0;0
2014;8;9;2.744;1;0;0
2014;8;10;2.737;1;0;0
2014;8;11;2.767;1;0;0
2014;8;12;2.775;1;0;0
2014;8;13;2.779;1;0;0
2014;8;14;2.731;1;0;0
2014;8;15;2.718;1;0;0
2014;8;16;2.675;1;0;0
2014;8;17;2.642;1;0;0
2014;8;18;2.605;1;0;0
2014;8;19;2.575;1;0;0
2014;8;20;2.597;1;0;0
2014;8;21;2.625;1;0;0
2014;8;22;2.586;1;0;0
2014;8;23;2.603;1;0;0
2014;8;24;2.565;1;0;0
2014;8;25;2.512;1;0;0
2014;8;26;2.492;1;0;0
2014;8;27;2.482;1;0;0
2014;8;28;2.46;1;0;0
2014;8;29;2.465;1;0;0
2014;8;30;2.436;1;0;0
2014;8;31;2.527;1;0;0
2014;9;1;3.336;1;0;0
2014;9;2;3.572;1;0;0
2014;9;3;3.639;1;0;0
2014;9;4;3.191;1;0;0
2014;9;5;3.06;1;0;0
2014;9;6;3.015;1;0;0
2014;9;7;2.998;1;0;0
2014;9;8;2.99;1;0;0
2014;9;9;3.022;1;0;0
2014;9;10;3.022;1;0;0
2014;9;11;3.156;1;0;0
2014;9;12;3.343;1;0;0
2014;9;13;4.181;1;0;0
2014;9;14;4.048;1;0;0
2014;9;15;3.883;1;0;0
2014;9;16;3.719;1;0;0
2014;9;17;3.608;1;0;0
2014;9;18;3.554;1;0;0
2014;9;19;3.515;1;0;0
2014;9;20;3.487;1;0;0
2014;9;21;3.516;1;0;0
2014;9;22;3.638;1;0;0
2014;9;23;3.97;1;0;0
2014;9;24;3.765;1;0;0
2014;9;25;3.644;1;0;0
2014;9;26;3.725;1;0;0
2014;9;27;5.011;1;0;0
2014;9;28;4.339;1;0;0
2014;9;29;4.038;1;0;0
2014;9;30;3.897;1;0;0
2014;10;1;4.015;1;0;0
2014;10;2;4.333;1;0;0
2014;10;3;4.047;1;0;0
2014;10;4;3.946;1;0;0
2014;10;5;3.918;1;0;0
2014;10;6;3.896;1;0;0
2014;10;7;3.851;1;0;0
2014;10;8;3.796;1;0;0
2014;10;9;3.77;1;0;0
2014;10;10;3.758;1;0;0
2014;10;11;3.73;1;0;0
2014;10;12;3.683;1;0;0
2014;10;13;3.651;1;0;0
2014;10;14;3.622;1;0;0
2014;10;15;3.598;1;0;0
2014;10;16;3.545;1;0;0
2014;10;17;3.564;1;0;0
2014;10;18;3.432;1;0;0
2014;10;19;3.354;1;0;0
2014;10;20;3.304;1;0;0
2014;10;21;3.423;1;0;0
2014;10;22;3.531;1;0;0
2014;10;23;5.326;1;0;0
2014;10;24;5.793;1;0;0
2014;10;25;4.55;1;0;0
2014;10;26;4.071;1;0;0
2014;10;27;3.91;1;0;0
2014;10;28;3.845;1;0;0
2014;10;29;3.786;1;0;0
2014;10;30;3.72;1;0;0
2014;10;31;3.683;1;0;0
2014;11;1;3.689;1;0;0
2014;11;2;3.659;1;0;0
2014;11;3;3.658;1;0;0
2014;11;4;3.653;1;0;0
2014;11;5;3.635;1;0;0
2014;11;6;3.588;1;0;0
2014;11;7;3.524;1;0;0
2014;11;8;3.483;1;0;0
2014;11;9;3.394;1;0;0
2014;11;10;3.307;1;0;0
2014;11;11;3.24;1;0;0
2014;11;12;3.191;1;0;0
2014;11;13;3.153;1;0;0
2014;11;14;3.135;1;0;0
2014;11;15;3.114;1;0;0
2014;11;16;3.1;1;0;0
2014;11;17;3.082;1;0;0
2014;11;18;3.12;1;0;0
2014;11;19;3.161;1;0;0
2014;11;20;3.209;1;0;0
2014;11;21;3.102;1;0;0
2014;11;22;3.06;1;0;0
2014;11;23;3.032;1;0;0
2014;11;24;3.022;1;0;0
2014;11;25;3.018;1;0;0
2014;11;26;2.997;1;0;0
2014;11;27;2.973;1;0;0
2014;11;28;2.949;1;0;0
2014;11;29;2.957;1;0;0
2014;11;30;2.961;1;0;0
2014;12;1;2.977;1;0;0
2014;12;2;2.958;1;0;0
2014;12;3;2.916;1;0;0
2014;12;4;2.898;1;0;0
2014;12;5;2.877;1;0;0
2014;12;6;2.862;1;0;0
2014;12;7;2.93;1;0;0
2014;12;8;2.917;1;0;0
2014;12;9;2.865;1;0;0
2014;12;10;2.825;1;0;0
2014;12;11;2.792;1;0;0
2014;12;12;2.781;1;0;0
2014;12;13;2.755;1;0;0
2014;12;14;2.744;1;0;0
2014;12;15;2.731;1;0;0
2014;12;16;2.707;1;0;0
2014;12;17;2.715;1;0;0
2014;12;18;2.771;1;0;0
2014;12;19;2.888;1;0;0
2014;12;20;2.898;1;0;0
2014;12;21;2.918;1;0;0
2014;12;22;2.83;1;0;0
2014;12;23;2.789;1;0;0
2014;12;24;2.753;1;0;0
2014;12;25;2.743;1;0;0
2014;12;26;2.733;1;0;0
2014;12;27;2.733;1;0;0
2014;12;28;2.717;1;0;0
2014;12;29;2.698;1;0;0
2014;12;30;2.661;1;0;0
2014;12;31;2.607;1;0;0
2015;1;1;2.572;1;0;0
2015;1;2;2.619;1;0;0
2015;1;3;2.87;1;0;0
2015;1;4;2.836;1;0;0
2015;1;5;2.785;1;0;0
2015;1;6;2.725;1;0;0
2015;1;7;2.663;1;0;0
2015;1;8;2.637;1;0;0
2015;1;9;3.08;1;0;0
2015;1;10;8.309;1;0;0
2015;1;11;6.11;1;0;0
2015;1;12;4.516;1;0;0
2015;1;13;4.023;1;0;0
2015;1;14;3.792;1;0;0
2015;1;15;3.583;1;0;0
2015;1;16;3.415;1;0;0
2015;1;17;3.407;1;0;0
2015;1;18;3.451;1;0;0
2015;1;19;3.414;1;0;0
2015;1;20;3.369;1;0;0
2015;1;21;3.317;1;0;0
2015;1;22;3.283;1;0;0
2015;1;23;3.253;1;0;0
2015;1;24;3.268;1;0;0
2015;1;25;3.223;1;0;0
2015;1;26;3.192;1;0;0
2015;1;27;3.186;1;0;0
2015;1;28;3.157;1;0;0
2015;1;29;3.127;1;0;0
2015;1;30;3.134;1;0;0
2015;1;31;3.096;1;0;0
2015;2;1;3.076;1;0;0
2015;2;2;3.024;1;0;0
2015;2;3;2.996;1;0;0
2015;2;4;2.953;1;0;0
2015;2;5;2.924;1;0;0
2015;2;6;2.894;1;0;0
2015;2;7;2.882;1;0;0
2015;2;8;2.902;1;0;0
2015;2;9;2.91;1;0;0
2015;2;10;2.823;1;0;0
2015;2;11;2.797;1;0;0
2015;2;12;2.79;1;0;0
2015;2;13;2.79;1;0;0
2015;2;14;2.79;1;0;0
2015;2;15;2.778;1;0;0
2015;2;16;2.747;1;0;0
2015;2;17;2.796;1;0;0
2015;2;18;2.788;1;0;0
2015;2;19;2.76;1;0;0
2015;2;20;2.757;1;0;0
2015;2;21;2.76;1;0;0
2015;2;22;2.765;1;0;0
2015;2;23;2.759;1;0;0
2015;2;24;2.95;1;0;0
2015;2;25;3.093;1;0;0
2015;2;26;3.007;1;0;0
2015;2;27;2.997;1;0;0
2015;2;28;2.976;1;0;0
2015;3;1;2.972;1;0;0
2015;3;2;3.268;1;0;0
2015;3;3;3.329;1;0;0
2015;3;4;3.154;1;0;0
2015;3;5;3.052;1;0;0
2015;3;6;2.996;1;0;0
2015;3;7;2.946;1;0;0
2015;3;8;2.941;1;0;0
2015;3;9;2.917;1;0;0
2015;3;10;2.909;1;0;0
2015;3;11;3.007;1;0;0
2015;3;12;2.946;1;0;0
2015;3;13;2.892;1;0;0
2015;3;14;2.857;1;0;0
2015;3;15;2.826;1;0;0
2015;3;16;2.821;1;0;0
2015;3;17;2.857;1;0;0
2015;3;18;2.864;1;0;0
2015;3;19;2.852;1;0;0
2015;3;20;2.818;1;0;0
2015;3;21;2.791;1;0;0
2015;3;22;2.798;1;0;0
2015;3;23;2.774;1;0;0
2015;3;24;2.769;1;0;0
2015;3;25;2.786;1;0;0
2015;3;26;2.855;1;0;0
2015;3;27;2.893;1;0;0
2015;3;28;2.831;1;0;0
2015;3;29;2.821;1;0;0
2015;3;30;3.001;1;0;0
2015;3;31;3.137;1;0;0
2015;4;1;3.387;1;0;0
2015;4;2;3.32;1;0;0
2015;4;3;3.266;1;0;0
2015;4;4;3.193;1;0;0
2015;4;5;3.191;1;0;0
2015;4;6;3.181;1;0;0
2015;4;7;3.152;1;0;0
2015;4;8;3.154;1;0;0
2015;4;9;3.348;1;0;0
2015;4;10;3.582;1;0;0
2015;4;11;3.705;1;0;0
2015;4;12;3.648;1;0;0
2015;4;13;3.632;1;0;0
2015;4;14;3.607;1;0;0
2015;4;15;3.544;1;0;0
2015;4;16;3.525;1;0;0
2015;4;17;3.552;1;0;0
2015;4;18;3.595;1;0;0
2015;4;19;3.518;1;0;0
2015;4;20;3.488;1;0;0
2015;4;21;3.462;1;0;0
2015;4;22;3.445;1;0;0
2015;4;23;3.451;1;0;0
2015;4;24;3.435;1;0;0
2015;4;25;3.432;1;0;0
2015;4;26;3.432;1;0;0
2015;4;27;3.423;1;0;0
2015;4;28;3.439;1;0;0
2015;4;29;3.409;1;0;0
2015;4;30;3.415;1;0;0
2015;5;1;3.392;1;0;0
2015;5;2;3.442;1;0;0
2015;5;3;3.385;1;0;0
2015;5;4;3.356;1;0;0
2015;5;5;3.355;1;0;0
2015;5;6;3.448;1;0;0
2015;5;7;3.41;1;0;0
2015;5;8;3.465;1;0;0
2015;5;9;3.433;1;0;0
2015;5;10;3.39;1;0;0
2015;5;11;3.38;1;0;0
2015;5;12;3.358;1;0;0
2015;5;13;3.328;1;0;0
2015;5;14;3.46;1;0;0
2015;5;15;3.352;1;0;0
2015;5;16;3.34;1;0;0
2015;5;17;3.345;1;0;0
2015;5;18;3.306;1;0;0
2015;5;19;3.298;1;0;0
2015;5;20;3.325;1;0;0
2015;5;21;3.337;1;0;0
2015;5;22;3.39;1;0;0
2015;5;23;5.42;1;0;0
2015;5;24;4.635;1;0;0
2015;5;25;3.752;1;0;0
2015;5;26;3.474;1;0;0
2015;5;27;3.276;1;0;0
2015;5;28;3.166;1;0;0
2015;5;29;3.108;1;0;0
2015;5;30;3.104;1;0;0
2015;5;31;3.105;1;0;0
2015;6;1;3.1;1;0;0
2015;6;2;3.079;1;0;0
2015;6;3;3.078;1;0;0
2015;6;4;3.069;1;0;0
2015;6;5;3.081;1;0;0
2015;6;6;3.102;1;0;0
2015;6;7;3.092;1;0;0
2015;6;8;3.08;1;0;0
2015;6;9;3.057;1;0;0
2015;6;10;3.006;1;0;0
2015;6;11;2.968;1;0;0
2015;6;12;2.942;1;0;0
2015;6;13;3.134;1;0;0
2015;6;14;3.013;1;0;0
2015;6;15;2.935;1;0;0
2015;6;16;2.903;1;0;0
2015;6;17;2.847;1;0;0
2015;6;18;2.804;1;0;0
2015;6;19;2.827;1;0;0
2015;6;20;2.832;1;0;0
2015;6;21;2.78;1;0;0
2015;6;22;2.774;1;0;0
2015;6;23;2.751;1;0;0
2015;6;24;2.699;1;0;0
2015;6;25;2.688;1;0;0
2015;6;26;2.668;1;0;0
2015;6;27;2.674;1;0;0
2015;6;28;2.841;1;0;0
2015;6;29;2.666;1;0;0
2015;6;30;2.632;1;0;0
2015;7;1;2.596;1;0;0
2015;7;2;2.547;1;0;0
2015;7;3;2.502;1;0;0
2015;7;4;2.465;1;0;0
2015;7;5;2.425;1;0;0
2015;7;6;2.388;1;0;0
2015;7;7;2.357;1;0;0
2015;7;8;2.409;1;0;0
2015;7;9;2.335;1;0;0
2015;7;10;2.292;1;0;0
2015;7;11;2.256;1;0;0
2015;7;12;2.231;1;0;0
2015;7;13;2.249;1;0;0
2015;7;14;2.295;1;0;0
2015;7;15;2.275;1;0;0
2015;7;16;2.257;1;0;0
2015;7;17;2.24;1;0;0
2015;7;18;2.212;1;0;0
2015;7;19;2.184;1;0;0
2015;7;20;2.179;1;0;0
2015;7;21;2.165;1;0;0
2015;7;22;2.118;1;0;0
2015;7;23;2.102;1;0;0
2015;7;24;2.095;1;0;0
2015;7;25;2.092;1;0;0
2015;7;26;2.09;1;0;0
2015;7;27;2.084;1;0;0
2015;7;28;2.056;1;0;0
2015;7;29;2.085;1;0;0
2015;7;30;2.055;1;0;0
2015;7;31;2.026;1;0;0
2015;8;1;1.969;1;0;0
2015;8;2;1.976;1;0;0
2015;8;3;1.914;1;0;0
2015;8;4;1.862;1;0;0
2015;8;5;1.855;1;0;0
2015;8;6;1.844;1;0;0
2015;8;7;1.828;1;0;0
2015;8;8;1.827;1;0;0
2015;8;9;1.822;1;0;0
2015;8;10;1.816;1;0;0
2015;8;11;1.809;1;0;0
2015;8;12;1.807;1;0;0
2015;8;13;1.802;1;0;0
2015;8;14;1.794;1;0;0
2015;8;15;1.874;1;0;0
2015;8;16;1.835;1;0;0
2015;8;17;1.975;1;0;0
2015;8;18;1.846;1;0;0
2015;8;19;1.835;1;0;0
2015;8;20;1.87;1;0;0
2015;8;21;1.813;1;0;0
2015;8;22;1.779;1;0;0
2015;8;23;1.752;1;0;0
2015;8;24;1.73;1;0;0
2015;8;25;1.718;1;0;0
2015;8;26;1.685;1;0;0
2015;8;27;1.66;1;0;0
2015;8;28;1.638;1;0;0
2015;8;29;1.615;1;0;0
2015;8;30;1.595;1;0;0
2015;8;31;1.581;1;0;0
2015;9;1;1.583;1;0;0
2015;9;2;1.642;1;0;0
2015;9;3;1.688;1;0;0
2015;9;4;1.677;1;0;0
2015;9;5;1.728;1;0;0
2015;9;6;1.694;1;0;0
2015;9;7;1.675;1;0;0
2015;9;8;1.672;1;0;0
2015;9;9;1.701;1;0;0
2015;9;10;1.706;1;0;0
2015;9;11;1.688;1;0;0
2015;9;12;1.675;1;0;0
2015;9;13;1.665;1;0;0
2015;9;14;1.668;1;0;0
2015;9;15;1.655;1;0;0
2015;9;16;1.635;1;0;0
2015;9;17;1.625;1;0;0
2015;9;18;1.66;1;0;0
2015;9;19;1.654;1;0;0
2015;9;20;1.643;1;0;0
2015;9;21;1.619;1;0;0
2015;9;22;1.603;1;0;0
2015;9;23;1.618;1;0;0
2015;9;24;1.617;1;0;0
2015;9;25;1.622;1;0;0
2015;9;26;1.636;1;0;0
2015;9;27;1.579;1;0;0
2015;9;28;1.558;1;0;0
2015;9;29;1.55;1;0;0
2015;9;30;1.543;1;0;0
2015;10;1;1.53;1;0;0
2015;10;2;1.522;1;0;0
2015;10;3;1.515;1;0;0
2015;10;4;1.512;1;0;0
2015;10;5;1.513;1;0;0
2015;10;6;1.495;1;0;0
2015;10;7;1.494;1;0;0
2015;10;8;1.808;1;0;0
2015;10;9;1.592;1;0;0
2015;10;10;1.533;1;0;0
2015;10;11;1.646;1;0;0
2015;10;12;1.591;1;0;0
2015;10;13;1.545;1;0;0
2015;10;14;1.575;1;0;0
2015;10;15;1.529;1;0;0
2015;10;16;1.535;1;0;0
2015;10;17;1.522;1;0;0
2015;10;18;1.506;1;0;0
2015;10;19;1.638;1;0;0
2015;10;20;2.028;1;0;0
2015;10;21;1.888;1;0;0
2015;10;22;1.754;1;0;0
2015;10;23;1.786;1;0;0
2015;10;24;1.74;1;0;0
2015;10;25;1.694;1;0;0
2015;10;26;1.666;1;0;0
2015;10;27;1.65;1;0;0
2015;10;28;1.641;1;0;0
2015;10;29;1.626;1;0;0
2015;10;30;1.623;1;0;0
2015;10;31;1.618;1;0;0
2015;11;1;1.617;1;0;0
2015;11;2;1.616;1;0;0
2015;11;3;1.62;1;0;0
2015;11;4;1.611;1;0;0
2015;11;5;1.604;1;0;0
2015;11;6;1.6;1;0;0
2015;11;7;1.603;1;0;0
2015;11;8;1.6;1;0;0
2015;11;9;1.598;1;0;0
2015;11;10;1.594;1;0;0
2015;11;11;1.579;1;0;0
2015;11;12;1.573;1;0;0
2015;11;13;1.603;1;0;0
2015;11;14;1.64;1;0;0
2015;11;15;1.658;1;0;0
2015;11;16;1.637;1;0;0
2015;11;17;1.626;1;0;0
2015;11;18;1.612;1;0;0
2015;11;19;1.601;1;0;0
2015;11;20;1.619;1;0;0
2015;11;21;1.678;1;0;0
2015;11;22;1.638;1;0;0
2015;11;23;1.618;1;0;0
2015;11;24;1.602;1;0;0
2015;11;25;1.596;1;0;0
2015;11;26;1.606;1;0;0
2015;11;27;1.582;1;0;0
2015;11;28;1.583;1;0;0
2015;11;29;1.64;1;0;0
2015;11;30;1.876;1;0;0
2015;12;1;2.086;1;0;0
2015;12;2;2.29;1;0;0
2015;12;3;1.952;1;0;0
2015;12;4;1.823;1;0;0
2015;12;5;1.755;1;0;0
2015;12;6;1.722;1;0;0
2015;12;7;1.69;1;0;0
2015;12;8;1.673;1;0;0
2015;12;9;1.667;1;0;0
2015;12;10;1.671;1;0;0
2015;12;11;1.651;1;0;0
2015;12;12;1.643;1;0;0
2015;12;13;1.645;1;0;0
2015;12;14;1.643;1;0;0
2015;12;15;1.644;1;0;0
2015;12;16;1.642;1;0;0
2015;12;17;1.659;1;0;0
2015;12;18;1.66;1;0;0
2015;12;19;1.662;1;0;0
2015;12;20;1.662;1;0;0
2015;12;21;1.649;1;0;0
2015;12;22;1.638;1;0;0
2015;12;23;1.64;1;0;0
2015;12;24;1.632;1;0;0
2015;12;25;1.623;1;0;0
2015;12;26;1.621;1;0;0
2015;12;27;1.613;1;0;0
2015;12;28;1.606;1;0;0
2015;12;29;1.599;1;0;0
2015;12;30;1.59;1;0;0
2015;12;31;1.58;1;0;0
2016;1;1;1.585;1;0;0
2016;1;2;1.573;1;0;0
2016;1;3;1.563;1;0;0
2016;1;4;1.569;1;0;0
2016;1;5;1.567;1;0;0
2016;1;6;1.561;1;0;0
2016;1;7;1.565;1;0;0
2016;1;8;1.566;1;0;0
2016;1;9;1.556;1;0;0
2016;1;10;1.574;1;0;0
2016;1;11;1.736;1;0;0
2016;1;12;1.721;1;0;0
2016;1;13;1.663;1;0;0
2016;1;14;1.618;1;0;0
2016;1;15;1.601;1;0;0
2016;1;16;1.593;1;0;0
2016;1;17;1.591;1;0;0
2016;1;18;1.572;1;0;0
2016;1;19;1.553;1;0;0
2016;1;20;1.537;1;0;0
2016;1;21;1.528;1;0;0
2016;1;22;1.535;1;0;0
2016;1;23;1.537;1;0;0
2016;1;24;1.566;1;0;0
2016;1;25;1.86;1;0;0
2016;1;26;2.016;1;0;0
2016;1;27;1.957;1;0;0
2016;1;28;2.04;1;0;0
2016;1;29;2.213;1;0;0
2016;1;30;2.04;1;0;0
2016;1;31;2.082;1;0;0
2016;2;1;4.59;1;0;0
2016;2;2;3.428;1;0;0
2016;2;3;2.896;1;0;0
2016;2;4;2.681;1;0;0
2016;2;5;2.51;1;0;0
2016;2;6;2.42;1;0;0
2016;2;7;2.409;1;0;0
2016;2;8;2.375;1;0;0
2016;2;9;2.357;1;0;0
2016;2;10;2.444;1;0;0
2016;2;11;2.389;1;0;0
2016;2;12;2.359;1;0;0
2016;2;13;2.362;1;0;0
2016;2;14;2.351;1;0;0
2016;2;15;2.351;1;0;0
2016;2;16;2.329;1;0;0
2016;2;17;2.337;1;0;0
2016;2;18;2.342;1;0;0
2016;2;19;2.405;1;0;0
2016;2;20;2.45;1;0;0
2016;2;21;4.075;1;0;0
2016;2;22;3.564;1;0;0
2016;2;23;3.128;1;0;0
2016;2;24;2.978;1;0;0
2016;2;25;2.868;1;0;0
2016;2;26;2.802;1;0;0
2016;2;27;2.758;1;0;0
2016;2;28;2.72;1;0;0
2016;2;29;2.711;1;0;0
2016;3;1;2.705;1;0;0
2016;3;2;2.698;1;0;0
2016;3;3;2.754;1;0;0
2016;3;4;2.75;1;0;0
2016;3;5;2.763;1;0;0
2016;3;6;2.751;1;0;0
2016;3;7;2.748;1;0;0
2016;3;8;2.716;1;0;0
2016;3;9;2.689;1;0;0
2016;3;10;2.667;1;0;0
2016;3;11;2.678;1;0;0
2016;3;12;2.658;1;0;0
2016;3;13;2.686;1;0;0
2016;3;14;2.677;1;0;0
2016;3;15;2.672;1;0;0
2016;3;16;2.647;1;0;0
2016;3;17;2.675;1;0;0
2016;3;18;2.725;1;0;0
2016;3;19;2.72;1;0;0
2016;3;20;2.709;1;0;0
2016;3;21;2.686;1;0;0
2016;3;22;2.664;1;0;0
2016;3;23;2.66;1;0;0
2016;3;24;2.656;1;0;0
2016;3;25;2.622;1;0;0
2016;3;26;2.684;1;0;0
2016;3;27;2.652;1;0;0
2016;3;28;2.653;1;0;0
2016;3;29;2.673;1;0;0
2016;3;30;2.664;1;0;0
2016;3;31;2.667;1;0;0
2016;4;1;2.652;1;0;0
2016;4;2;2.6;1;0;0
2016;4;3;2.592;1;0;0
2016;4;4;2.575;1;0;0
2016;4;5;2.555;1;0;0
2016;4;6;2.545;1;0;0
2016;4;7;2.54;1;0;0
2016;4;8;2.612;1;0;0
2016;4;9;2.573;1;0;0
2016;4;10;2.542;1;0;0
2016;4;11;2.521;1;0;0
2016;4;12;2.513;1;0;0
2016;4;13;2.617;1;0;0
2016;4;14;2.733;1;0;0
2016;4;15;2.63;1;0;0
2016;4;16;2.582;1;0;0
2016;4;17;2.554;1;0;0
2016;4;18;2.652;1;0;0
2016;4;19;2.595;1;0;0
2016;4;20;2.561;1;0;0
2016;4;21;2.527;1;0;0
2016;4;22;2.509;1;0;0
2016;4;23;2.532;1;0;0
2016;4;24;2.527;1;0;0
2016;4;25;2.487;1;0;0
2016;4;26;2.465;1;0;0
2016;4;27;2.505;1;0;0
2016;4;28;2.454;1;0;0
2016;4;29;2.429;1;0;0
2016;4;30;2.417;1;0;0
2016;5;1;2.442;1;0;0
2016;5;2;2.46;1;0;0
2016;5;3;2.439;1;0;0
2016;5;4;4.206;1;0;0
2016;5;5;3.349;1;0;0
2016;5;6;3.005;1;0;0
2016;5;7;2.849;1;0;0
2016;5;8;2.753;1;0;0
2016;5;9;2.69;1;0;0
2016;5;10;2.658;1;0;0
2016;5;11;2.639;1;0;0
2016;5;12;2.665;1;0;0
2016;5;13;2.81;1;0;0
2016;5;14;3.028;1;0;0
2016;5;15;2.926;1;0;0
2016;5;16;2.857;1;0;0
2016;5;17;2.916;1;0;0
2016;5;18;2.844;1;0;0
2016;5;19;2.938;1;0;0
2016;5;20;2.958;1;0;0
2016;5;21;2.869;1;0;0
2016;5;22;2.814;1;0;0
2016;5;23;2.802;1;0;0
2016;5;24;2.817;1;0;0
2016;5;25;2.758;1;0;0
2016;5;26;2.713;1;0;0
2016;5;27;2.679;1;0;0
2016;5;28;2.854;1;0;0
2016;5;29;2.761;1;0;0
2016;5;30;2.697;1;0;0
2016;5;31;2.748;1;0;0
2016;6;1;2.802;1;0;0
2016;6;2;2.759;1;0;0
2016;6;3;2.727;1;0;0
2016;6;4;2.696;1;0;0
2016;6;5;2.737;1;0;0
2016;6;6;2.73;1;0;0
2016;6;7;2.707;1;0;0
2016;6;8;2.704;1;0;0
2016;6;9;2.783;1;0;0
2016;6;10;2.793;1;0;0
2016;6;11;2.797;1;0;0
2016;6;12;2.825;1;0;0
2016;6;13;2.791;1;0;0
2016;6;14;2.77;1;0;0
2016;6;15;2.773;1;0;0
2016;6;16;2.747;1;0;0
2016;6;17;2.73;1;0;0
2016;6;18;2.725;1;0;0
2016;6;19;2.702;1;0;0
2016;6;20;3.173;1;0;0
2016;6;21;2.962;1;0;0
2016;6;22;2.823;1;0;0
2016;6;23;2.763;1;0;0
2016;6;24;2.73;1;0;0
2016;6;25;2.713;1;0;0
2016;6;26;2.713;1;0;0
2016;6;27;2.828;1;0;0
2016;6;28;2.699;1;0;0
2016;6;29;2.664;1;0;0
2016;6;30;2.812;1;0;0
2016;7;1;2.795;1;0;0
2016;7;2;2.874;1;0;0
2016;7;3;3.181;1;0;0
2016;7;4;2.946;1;0;0
2016;7;5;2.864;1;0;0
2016;7;6;2.81;1;0;0
2016;7;7;2.783;1;0;0
2016;7;8;2.741;1;0;0
2016;7;9;2.771;1;0;0
2016;7;10;2.733;1;0;0
2016;7;11;2.738;1;0;0
2016;7;12;3.558;1;0;0
2016;7;13;4.77;1;0;0
2016;7;14;5.614;1;0;0
2016;7;15;4.049;1;0;0
2016;7;16;3.691;1;0;0
2016;7;17;3.641;1;0;0
2016;7;18;3.585;1;0;0
2016;7;19;3.552;1;0;0
2016;7;20;3.52;1;0;0
2016;7;21;3.489;1;0;0
2016;7;22;3.581;1;0;0
2016;7;23;3.483;1;0;0
2016;7;24;3.473;1;0;0
2016;7;25;3.455;1;0;0
2016;7;26;3.534;1;0;0
2016;7;27;3.552;1;0;0
2016;7;28;3.566;1;0;0
2016;7;29;3.416;1;0;0
2016;7;30;3.378;1;0;0
2016;7;31;3.369;1;0;0
2016;8;1;3.28;1;0;0
2016;8;2;3.243;1;0;0
2016;8;3;3.208;1;0;0
2016;8;4;3.182;1;0;0
2016;8;5;3.292;1;0;0
2016;8;6;3.218;1;0;0
2016;8;7;3.15;1;0;0
2016;8;8;3.112;1;0;0
2016;8;9;3.12;1;0;0
2016;8;10;4.002;1;0;0
2016;8;11;3.381;1;0;0
2016;8;12;3.219;1;0;0
2016;8;13;3.174;1;0;0
2016;8;14;3.133;1;0;0
2016;8;15;3.109;1;0;0
2016;8;16;3.104;1;0;0
2016;8;17;3.1;1;0;0
2016;8;18;3.105;1;0;0
2016;8;19;3.07;1;0;0
2016;8;20;3.044;1;0;0
2016;8;21;3.405;1;0;0
2016;8;22;3.18;1;0;0
2016;8;23;3.105;1;0;0
2016;8;24;3.058;1;0;0
2016;8;25;3.01;1;0;0
2016;8;26;2.983;1;0;0
2016;8;27;2.95;1;0;0
2016;8;28;2.917;1;0;0
2016;8;29;2.948;1;0;0
2016;8;30;2.899;1;0;0
2016;8;31;2.867;1;0;0
2016;9;1;2.839;1;0;0
2016;9;2;2.818;1;0;0
2016;9;3;2.79;1;0;0
2016;9;4;2.755;1;0;0
2016;9;5;2.834;1;0;0
2016;9;6;3.33;1;0;0
2016;9;7;2.951;1;0;0
2016;9;8;2.787;1;0;0
2016;9;9;2.733;1;0;0
2016;9;10;2.668;1;0;0
2016;9;11;2.633;1;0;0
2016;9;12;2.605;1;0;0
2016;9;13;2.599;1;0;0
2016;9;14;2.588;1;0;0
2016;9;15;2.589;1;0;0
2016;9;16;2.588;1;0;0
2016;9;17;2.597;1;0;0
2016;9;18;2.563;1;0;0
2016;9;19;2.721;1;0;0
2016;9;20;2.726;1;0;0
2016;9;21;2.608;1;0;0
2016;9;22;2.56;1;0;0
2016;9;23;2.534;1;0;0
2016;9;24;2.518;1;0;0
2016;9;25;2.503;1;0;0
2016;9;26;2.484;1;0;0
2016;9;27;2.469;1;0;0
2016;9;28;2.459;1;0;0
2016;9;29;2.446;1;0;0
2016;9;30;2.437;1;0;0
2016;10;1;2.425;1;0;0
2016;10;2;2.43;1;0;0
2016;10;3;2.443;1;0;0
2016;10;4;2.959;1;0;0
2016;10;5;2.732;1;0;0
2016;10;6;3.568;1;0;0
2016;10;7;3.382;1;0;0
2016;10;8;2.941;1;0;0
2016;10;9;2.767;1;0;0
2016;10;10;2.673;1;0;0
2016;10;11;2.658;1;0;0
2016;10;12;2.662;1;0;0
2016;10;13;2.655;1;0;0
2016;10;14;2.612;1;0;0
2016;10;15;2.575;1;0;0
2016;10;16;2.539;1;0;0
2016;10;17;2.519;1;0;0
2016;10;18;2.575;1;0;0
2016;10;19;2.661;1;0;0
2016;10;20;3.243;1;0;0
2016;10;21;3.028;1;0;0
2016;10;22;2.904;1;0;0
2016;10;23;2.834;1;0;0
2016;10;24;2.791;1;0;0
2016;10;25;2.773;1;0;0
2016;10;26;2.746;1;0;0
2016;10;27;2.717;1;0;0
2016;10;28;2.706;1;0;0
2016;10;29;2.76;1;0;0
2016;10;30;2.743;1;0;0
2016;10;31;2.722;1;0;0
2016;11;1;2.719;1;0;0
2016;11;2;2.743;1;0;0
2016;11;3;2.739;1;0;0
2016;11;4;2.721;1;0;0
2016;11;5;2.708;1;0;0
2016;11;6;2.933;1;0;0
2016;11;7;3.008;1;0;0
2016;11;8;2.917;1;0;0
2016;11;9;2.859;1;0;0
2016;11;10;2.815;1;0;0
2016;11;11;2.795;1;0;0
2016;11;12;2.862;1;0;0
2016;11;13;2.81;1;0;0
2016;11;14;2.789;1;0;0
2016;11;15;2.755;1;0;0
2016;11;16;2.87;1;0;0
2016;11;17;2.992;1;0;0
2016;11;18;2.949;1;0;0
2016;11;19;2.897;1;0;0
2016;11;20;2.843;1;0;0
2016;11;21;2.827;1;0;0
2016;11;22;2.788;1;0;0
2016;11;23;2.776;1;0;0
2016;11;24;2.748;1;0;0
2016;11;25;2.725;1;0;0
2016;11;26;2.734;1;0;0
2016;11;27;2.735;1;0;0
2016;11;28;2.728;1;0;0
2016;11;29;2.704;1;0;0
2016;11;30;2.695;1;0;0
2016;12;1;2.682;1;0;0
2016;12;2;2.706;1;0;0
2016;12;3;2.677;1;0;0
2016;12;4;2.66;1;0;0
2016;12;5;2.643;1;0;0
2016;12;6;2.629;1;0;0
2016;12;7;2.608;1;0;0
2016;12;8;2.584;1;0;0
2016;12;9;2.564;1;0;0
2016;12;10;2.546;1;0;0
2016;12;11;2.557;1;0;0
2016;12;12;2.847;1;0;0
2016;12;13;2.783;1;0;0
2016;12;14;2.664;1;0;0
2016;12;15;2.643;1;0;0
2016;12;16;2.591;1;0;0
2016;12;17;2.558;1;0;0
2016;12;18;2.53;1;0;0
2016;12;19;2.491;1;0;0
2016;12;20;2.468;1;0;0
2016;12;21;2.43;1;0;0
2016;12;22;2.397;1;0;0
2016;12;23;2.383;1;0;0
2016;12;24;2.418;1;0;0
2016;12;25;2.735;1;0;0
2016;12;26;2.698;1;0;0
2016;12;27;2.692;1;0;0
2016;12;28;3.102;1;0;0
2016;12;29;2.902;1;0;0
2016;12;30;2.701;1;0;0
2016;12;31;2.597;1;0;0
2017;1;1;2.528;1;0;0
2017;1;2;2.468;1;0;0
2017;1;3;2.45;1;0;0
2017;1;4;2.456;1;0;0
2017;1;5;2.473;1;0;0
2017;1;6;2.436;1;0;0
2017;1;7;2.411;1;0;0
2017;1;8;2.403;1;0;0
2017;1;9;2.395;1;0;0
2017;1;10;2.392;1;0;0
2017;1;11;2.399;1;0;0
2017;1;12;2.409;1;0;0
2017;1;13;2.415;1;0;0
2017;1;14;2.399;1;0;0
2017;1;15;2.351;1;0;0
2017;1;16;2.315;1;0;0
2017;1;17;2.276;1;0;0
2017;1;18;2.245;1;0;0
2017;1;19;2.222;1;0;0
2017;1;20;2.197;1;0;0
2017;1;21;2.189;1;0;0
2017;1;22;2.195;1;0;0
2017;1;23;2.208;1;0;0
2017;1;24;2.215;1;0;0
2017;1;25;2.215;1;0;0
2017;1;26;2.217;1;0;0
2017;1;27;2.213;1;0;0
2017;1;28;2.202;1;0;0
2017;1;29;2.197;1;0;0
2017;1;30;2.181;1;0;0
2017;1;31;2.164;1;0;0
2017;2;1;2.169;1;0;0
2017;2;2;2.155;1;0;0
2017;2;3;2.187;1;0;0
2017;2;4;2.232;1;0;0
2017;2;5;2.301;1;0;0
2017;2;6;2.409;1;0;0
2017;2;7;2.391;1;0;0
2017;2;8;2.336;1;0;0
2017;2;9;2.3;1;0;0
2017;2;10;2.287;1;0;0
2017;2;11;2.287;1;0;0
2017;2;12;2.261;1;0;0
2017;2;13;2.203;1;0;0
2017;2;14;2.205;1;0;0
2017;2;15;2.192;1;0;0
2017;2;16;2.207;1;0;0
2017;2;17;2.243;1;0;0
2017;2;18;2.281;1;0;0
2017;2;19;2.302;1;0;0
2017;2;20;2.32;1;0;0
2017;2;21;3.31;1;0;0
2017;2;22;4.183;1;0;0
2017;2;23;3.919;1;0;0
2017;2;24;3.523;1;0;0
2017;2;25;3.18;1;0;0
2017;2;26;3.034;1;0;0
2017;2;27;2.943;1;0;0
2017;2;28;2.911;1;0;0
2017;3;1;2.901;1;0;0
2017;3;2;2.875;1;0;0
2017;3;3;2.86;1;0;0
2017;3;4;2.876;1;0;0
2017;3;5;2.924;1;0;0
2017;3;6;2.897;1;0;0
2017;3;7;2.893;1;0;0
2017;3;8;2.877;1;0;0
2017;3;9;2.935;1;0;0
2017;3;10;3.764;1;0;0
2017;3;11;3.525;1;0;0
2017;3;12;3.29;1;0;0
2017;3;13;3.177;1;0;0
2017;3;14;3.115;1;0;0
2017;3;15;3.101;1;0;0
2017;3;16;3.138;1;0;0
2017;3;17;3.165;1;0;0
2017;3;18;3.492;1;0;0
2017;3;19;5.827;1;0;0
2017;3;20;4.922;1;0;0
2017;3;21;4.137;1;0;0
2017;3;22;3.819;1;0;0
2017;3;23;3.673;1;0;0
2017;3;24;3.557;1;0;0
2017;3;25;3.493;1;0;0
2017;3;26;3.456;1;0;0
2017;3;27;3.421;1;0;0
2017;3;28;3.393;1;0;0
2017;3;29;3.357;1;0;0
2017;3;30;3.343;1;0;0
2017;3;31;3.335;1;0;0
2017;4;1;3.307;1;0;0
2017;4;2;3.271;1;0;0
2017;4;3;3.265;1;0;0
2017;4;4;3.255;1;0;0
2017;4;5;3.221;1;0;0
2017;4;6;3.278;1;0;0
2017;4;7;3.45;1;0;0
2017;4;8;3.557;1;0;0
2017;4;9;3.385;1;0;0
2017;4;10;3.302;1;0;0
2017;4;11;3.248;1;0;0
2017;4;12;3.199;1;0;0
2017;4;13;3.221;1;0;0
2017;4;14;3.185;1;0;0
2017;4;15;3.156;1;0;0
2017;4;16;3.173;1;0;0
2017;4;17;3.182;1;0;0
2017;4;18;3.409;1;0;0
2017;4;19;3.374;1;0;0
2017;4;20;3.276;1;0;0
2017;4;21;3.314;1;0;0
2017;4;22;3.651;1;0;0
2017;4;23;4.501;1;0;0
2017;4;24;4.436;1;0;0
2017;4;25;4.831;1;0;0
2017;4;26;5.092;1;0;0
2017;4;27;4.79;1;0;0
2017;4;28;4.53;1;0;0
2017;4;29;4.233;1;0;0
2017;4;30;4.098;1;0;0
2017;5;1;4.039;1;0;0
2017;5;2;3.993;1;0;0
2017;5;3;3.966;1;0;0
2017;5;4;3.942;1;0;0
2017;5;5;3.898;1;0;0
2017;5;6;3.873;1;0;0
2017;5;7;3.85;1;0;0
2017;5;8;3.85;1;0;0
2017;5;9;4.159;1;0;0
2017;5;10;4.003;1;0;0
2017;5;11;3.895;1;0;0
2017;5;12;3.832;1;0;0
2017;5;13;3.796;1;0;0
2017;5;14;3.756;1;0;0
2017;5;15;3.774;1;0;0
2017;5;16;3.708;1;0;0
2017;5;17;3.664;1;0;0
2017;5;18;3.671;1;0;0
2017;5;19;3.659;1;0;0
2017;5;20;3.642;1;0;0
2017;5;21;3.856;1;0;0
2017;5;22;3.705;1;0;0
2017;5;23;3.651;1;0;0
2017;5;24;3.751;1;0;0
2017;5;25;3.837;1;0;0
2017;5;26;3.693;1;0;0
2017;5;27;3.618;1;0;0
2017;5;28;3.556;1;0;0
2017;5;29;3.522;1;0;0
2017;5;30;3.501;1;0;0
2017;5;31;3.459;1;0;0
2017;6;1;3.432;1;0;0
2017;6;2;3.41;1;0;0
2017;6;3;3.377;1;0;0
2017;6;4;3.375;1;0;0
2017;6;5;3.315;1;0;0
2017;6;6;3.326;1;0;0
2017;6;7;3.305;1;0;0
2017;6;8;3.267;1;0;0
2017;6;9;3.215;1;0;0
2017;6;10;3.324;1;0;0
2017;6;11;3.191;1;0;0
2017;6;12;3.17;1;0;0
2017;6;13;3.141;1;0;0
2017;6;14;3.1;1;0;0
2017;6;15;3.062;1;0;0
2017;6;16;3.073;1;0;0
2017;6;17;3.051;1;0;0
2017;6;18;2.993;1;0;0
2017;6;19;2.946;1;0;0
2017;6;20;2.917;1;0;0
2017;6;21;2.886;1;0;0
2017;6;22;2.843;1;0;0
2017;6;23;2.914;1;0;0
2017;6;24;2.799;1;0;0
2017;6;25;2.824;1;0;0
2017;6;26;2.761;1;0;0
2017;6;27;2.73;1;0;0
2017;6;28;2.695;1;0;0
2017;6;29;2.699;1;0;0
2017;6;30;2.658;1;0;0
2017;7;1;2.632;1;0;0
2017;7;2;2.624;1;0;0
2017;7;3;2.616;1;0;0
2017;7;4;2.571;1;0;0
2017;7;5;2.545;1;0;0
2017;7;6;2.529;1;0;0
2017;7;7;2.517;1;0;0
2017;7;8;2.491;1;0;0
2017;7;9;2.479;1;0;0
2017;7;10;2.458;1;0;0
2017;7;11;2.436;1;0;0
2017;7;12;2.43;1;0;0
2017;7;13;2.402;1;0;0
2017;7;14;2.393;1;0;0
2017;7;15;2.41;1;0;0
2017;7;16;2.369;1;0;0
2017;7;17;2.335;1;0;0
2017;7;18;2.31;1;0;0
2017;7;19;2.439;1;0;0
2017;7;20;2.276;1;0;0
2017;7;21;2.257;1;0;0
2017;7;22;2.13;1;0;0
2017;7;23;2.084;1;0;0
2017;7;24;2.413;1;0;0
2017;7;25;2.256;1;0;0
2017;7;26;2.223;1;0;0
2017;7;27;2.77;1;0;0
2017;7;28;2.359;1;0;0
2017;7;29;2.213;1;0;0
2017;7;30;2.331;1;0;0
2017;7;31;2.258;1;0;0
2017;8;1;2.17;1;0;0
2017;8;2;2.113;1;0;0
2017;8;3;2.085;1;0;0
2017;8;4;2.092;1;0;0
2017;8;5;2.098;1;0;0
2017;8;6;2.55;1;0;0
2017;8;7;2.478;1;0;0
2017;8;8;2.278;1;0;0
2017;8;9;2.207;1;0;0
2017;8;10;2.2;1;0;0
2017;8;11;2.184;1;0;0
2017;8;12;2.136;1;0;0
2017;8;13;2.108;1;0;0
2017;8;14;2.094;1;0;0
2017;8;15;2.062;1;0;0
2017;8;16;2.052;1;0;0
2017;8;17;2.036;1;0;0
2017;8;18;2.024;1;0;0
2017;8;19;2.168;1;0;0
2017;8;20;2.259;1;0;0
2017;8;21;2.113;1;0;0
2017;8;22;2.067;1;0;0
2017;8;23;2.038;1;0;0
2017;8;24;2.022;1;0;0
2017;8;25;2.013;1;0;0
2017;8;26;2.002;1;0;0
2017;8;27;1.999;1;0;0
2017;8;28;2;1;0;0
2017;8;29;1.98;1;0;0
2017;8;30;1.982;1;0;0
2017;8;31;2.057;1;0;0
2017;9;1;2.088;1;0;0
2017;9;2;2.082;1;0;0
2017;9;3;2.639;1;0;0
2017;9;4;2.365;1;0;0
2017;9;5;2.239;1;0;0
2017;9;6;2.207;1;0;0
2017;9;7;2.17;1;0;0
2017;9;8;2.141;1;0;0
2017;9;9;2.116;1;0;0
2017;9;10;2.114;1;0;0
2017;9;11;2.124;1;0;0
2017;9;12;2.136;1;0;0
2017;9;13;2.11;1;0;0
2017;9;14;2.091;1;0;0
2017;9;15;2.09;1;0;0
2017;9;16;2.109;1;0;0
2017;9;17;2.198;1;0;0
2017;9;18;2.138;1;0;0
2017;9;19;2.822;1;0;0
2017;9;20;4.968;1;0;0
2017;9;21;3.366;1;0;0
2017;9;22;2.968;1;0;0
2017;9;23;2.827;1;0;0
2017;9;24;2.765;1;0;0
2017;9;25;2.731;1;0;0
2017;9;26;2.716;1;0;0
2017;9;27;2.696;1;0;0
2017;9;28;2.666;1;0;0
2017;9;29;2.662;1;0;0
2017;9;30;2.659;1;0;0
2017;10;1;2.647;1;0;0
2017;10;2;2.631;1;0;0
2017;10;3;2.627;1;0;0
2017;10;4;2.594;1;0;0
2017;10;5;2.591;1;0;0
2017;10;6;2.622;1;0;0
2017;10;7;2.618;1;0;0
2017;10;8;2.55;1;0;0
2017;10;9;2.74;1;0;0
2017;10;10;2.587;1;0;0
2017;10;11;2.52;1;0;0
2017;10;12;2.48;1;0;0
2017;10;13;2.467;1;0;0
2017;10;14;2.457;1;0;0
2017;10;15;2.43;1;0;0
2017;10;16;2.412;1;0;0
2017;10;17;2.397;1;0;0
2017;10;18;2.382;1;0;0
2017;10;19;2.37;1;0;0
2017;10;20;2.352;1;0;0
2017;10;21;2.333;1;0;0
2017;10;22;2.343;1;0;0
2017;10;23;2.86;1;0;0
2017;10;24;2.751;1;0;0
2017;10;25;2.582;1;0;0
2017;10;26;2.509;1;0;0
2017;10;27;3.368;1;0;0
2017;10;28;3.31;1;0;0
2017;10;29;3.41;1;0;0
2017;10;30;3.373;1;0;0
2017;10;31;3.155;1;0;0
2017;11;1;2.993;1;0;0
2017;11;2;2.909;1;0;0
2017;11;3;2.856;1;0;0
2017;11;4;2.823;1;0;0
2017;11;5;2.786;1;0;0
2017;11;6;2.889;1;0;0
2017;11;7;2.863;1;0;0
2017;11;8;2.833;1;0;0
2017;11;9;2.769;1;0;0
2017;11;10;2.744;1;0;0
2017;11;11;2.787;1;0;0
2017;11;12;2.895;1;0;0
2017;11;13;2.886;1;0;0
2017;11;14;2.839;1;0;0
2017;11;15;2.791;1;0;0
2017;11;16;2.762;1;0;0
2017;11;17;2.732;1;0;0
2017;11;18;2.719;1;0;0
2017;11;19;2.754;1;0;0
2017;11;20;2.798;1;0;0
2017;11;21;3.068;1;0;0
2017;11;22;3.205;1;0;0
2017;11;23;3.107;1;0;0
2017;11;24;3.005;1;0;0
2017;11;25;2.958;1;0;0
2017;11;26;2.97;1;0;0
2017;11;27;2.902;1;0;0
2017;11;28;2.876;1;0;0
2017;11;29;2.848;1;0;0
2017;11;30;2.845;1;0;0
2017;12;1;2.817;1;0;0
2017;12;2;2.792;1;0;0
2017;12;3;2.768;1;0;0
2017;12;4;2.766;1;0;0
2017;12;5;2.878;1;0;0
2017;12;6;2.93;1;0;0
2017;12;7;2.875;1;0;0
2017;12;8;2.829;1;0;0
2017;12;9;2.79;1;0;0
2017;12;10;2.738;1;0;0
2017;12;11;2.758;1;0;0
2017;12;12;2.962;1;0;0
2017;12;13;2.88;1;0;0
2017;12;14;2.83;1;0;0
2017;12;15;2.781;1;0;0
2017;12;16;2.742;1;0;0
2017;12;17;2.729;1;0;0
2017;12;18;2.718;1;0;0
2017;12;19;2.678;1;0;0
2017;12;20;2.653;1;0;0
2017;12;21;2.809;1;0;0
2017;12;22;3.055;1;0;0
2017;12;23;3.122;1;0;0
2017;12;24;3.11;1;0;0
2017;12;25;3.007;1;0;0
2017;12;26;2.947;1;0;0
2017;12;27;2.923;1;0;0
2017;12;28;2.964;1;0;0
2017;12;29;2.892;1;0;0
2017;12;30;2.878;1;0;0
2017;12;31;3.403;1;0;0
